Taxa,GY-IF-XX-2014,GY-IF-ZX-2014,GY-IF-XX-2015,GY-IF-ZX-2015,GY-RN-XX-2014,GY-RN-ZX-2014,GY-RN-XX-2015,GY-RN-ZX-2015,GY-RP-XX-2014,GY-RP-ZX-2014,GY-RP-XX-2015,GY-RP-ZX-2015,TGW-IF-XX-2014,TGW-IF-ZX-2014,TGW-IF-XX-2015,TGW-IF-ZX-2015,TGW-RN-XX-2014,TGW-RN-ZX-2014,TGW-RN-XX-2015,TGW-RN-ZX-2015,TGW-RP-XX-2014,TGW-RP-ZX-2014,TGW-RP-XX-2015,TGW-RP-ZX-2015,GL-IF-XX-2014,GL-IF-ZX-2014,GL-IF-XX-2015,GL-IF-ZX-2015,GL-RN-XX-2014,GL-RN-ZX-2013,GL-RN-XX-2015,GL-RN-ZX-2015,GL-RP-XX-2013,GL-RP-ZX-2013,GL-RP-XX-2015,GL-RP-ZX-2015,GW-IF-XX-2014,GW-IF-ZX-2014,GW-IF-XX-2015,GW-IF-ZX-2015,GW-RN-XX-2014,GW-RN-ZX-2014,GW-RN-XX-2015,GW-RN-ZX-2015,GW-RP-XX-2014,GW-RP-ZX-2014,GW-RP-XX-2015,GW-RP-ZX-2015,GNS-IF-XX-2014,GNS-IF-ZX-2014,GNS-IF-XX-2015,GNS-IF-ZX-2015,GNS-RN-XX-2014,GNS-RN-ZX-2014,GNS-RN-XX-2015,GNS-RN-ZX-2015,GNS-RP-XX-2014,GNS-RP-ZX-2014,GNS-RP-XX-2015,GNS-RP-ZX-2015,TN-IF-XX-2014,TN-IF-ZX-2014,TN-IF-XX-2015,TN-IF-ZX-2015,TN-RN-XX-2014,TN-RN-ZX-2014,TN-RN-XX-2015,TN-RN-ZX-2015,TN-RP-XX-2014,TN-RP-ZX-2014,TN-RP-XX-2015,TN-RP-ZX-2015,PH-IF-XX-2014,PH-RN-XX-2014,PH-RP-XX-2014,PH-IF-ZX-2014,PH-RN-ZX-2014,PH-RP-ZX-2014,PH-IF-XX-2015,PH-RN-XX-2015,PH-RP-XX-2015,PH-IF-ZX-2015,PH-RN-ZX-2015,PH-RP-ZX-2015
AM3.1,1245,1356.82,1431.67,1265.67,1065.34,1055.65,1177.34,899.5,1215.5,952.65,1209.83,1127.83,51.31,47.42,44.3,40.12,42.49,45.18,38.95,40.6,42.48,39.32,36.84,35.28,6.63,6.73,6.15,6.475666667,5.85,6.03,5.58,5.84,5.81,6.16,5.61,5.81,3.47,3.29,3.16,3.09,3.09,3.13,2.94,3.04,3.09,2.91,2.86,2.77,40.22,43.67,34.11,40.11,35.98,34.57,29.56,32.67,40.61,42.59,32.96,34.57,43.5,39.83,48.67,45,38.17,34.17,49.17,23.58,35,31.83,42.5,30.33,88,94,93,86,78.33333333,76.33333333,94.66666667,92.66666667,93.66666667,77.11111111,80.11111111,75.88888889
AM3.2,1041.67,1070.82,1038.33,1059,933.34,733.15,906.66,682.17,852.83,845.32,949.17,882.33,47.24,48.79,42.61,45.43,40.28,46.57,40.11,45.13,39.9,39.91,36.74,38.38,6.7,6.77,6.27,6.695333333,5.96,6.08,5.79,6.05,5.96,6.15,5.67,5.96,3.28,3.28,3.05,3.23,2.94,3.14,2.93,3.18,2.92,2.92,2.8,2.89,36.89,39.67,34.78,37.44,33.15,32.96,32.21,27.57,31.08,34.94,36.46,31.82,45,37.5,41.67,39,42.83,26.5,36,23.92,35.17,36.5,33.33,28.67,73.66666667,72.66666667,70.33333333,68,63.33333333,62.66666667,77.16666667,76.88888889,78.77777778,66.22222222,65.55555556,63.38888889
AM3.3,1090,1250.15,1203.33,1132.67,956,828.65,1018.66,820.83,908.08,1010.15,961.92,931.5,37.46,33.49,32.35,29.51,31.19,34.75,30.56,29.09,31.11,28.03,26.08,24.86,5.58,5.49,5.25,5.42,4.98,5.25,5.04,4.86,4.93,4.99,4.76,4.86,3.17,2.99,2.89,2.85,2.84,2.9,2.76,2.81,2.81,2.65,2.59,2.52,54.33,54.67,48.44,51.67,42.02,46.75,36.07,36.55,47.32,47.12,39.76,44.39,38.5,43.83,43.33,40.83,37.5,26.17,38.5,25.58,37,40.5,37.17,30.33,69.66666667,72,70.33333333,69.66666667,65.66666667,65,75.33333333,77.88888889,75.22222222,68.33333333,68,66.22222222
AM3.4,1246.67,1360.32,1171.67,1256.17,1086.66,852.98,949.34,842.5,1107.83,1127.48,974.67,1121.67,46.86,44.9,40.4,40.32,38.72,41.23,36.96,38.02,39.39,37.54,34.06,34.73,5.79,5.75,5.61,5.744333333,5.16,5.23,4.98,5.2,5.08,5.2,4.94,5.08,3.59,3.46,3.2,3.33,3.2,3.22,3.11,3.19,3.19,3.09,2.96,3,44.78,46.11,38.22,40,35.13,34.76,33.81,31.45,38.91,40.89,34.19,39.29,36,44.33,41.83,34.33,40.5,26,40.67,26.25,41.17,33.83,38.33,29.17,79.33333333,78.33333333,78,76,70.66666667,72.66666667,82.55555556,83,82.77777778,71,73.33333333,71.5
AM3.5,1143.33,1272.48,1223.33,1125.5,968,672.65,996,759.17,1001.58,941.65,1018.58,1081.83,48.62,45.31,40.77,40.31,41.08,41.94,36.81,39.46,41.42,39.47,36.04,34.25,6.41,6.33,6.02,6.348,5.76,5.77,5.48,5.74,5.67,5.85,5.52,5.62,3.44,3.31,3.08,3.12,3.07,3.06,2.94,3.07,3.05,2.97,2.88,2.78,42.56,43.22,43.44,39,35.61,28.14,37.77,26.63,34.48,37.77,35.51,34.57,35.33,41.33,49.33,36.67,37,23.17,39.5,25.75,37,32.5,38,28.17,80,77.33333333,77.66666667,75.33333333,70,73.33333333,86.44444444,88.22222222,82.66666667,72.88888889,73.44444444,73.27777778
AM3.6,1193.33,1333.32,1245,1103,1012,718.65,982.66,700.5,1073.83,954.48,1012.92,1103.67,50.86,42.94,39.91,39.43,41.49,40.69,35.16,38,40.26,36.4,33.94,34.85,6.77,6.55,6.25,6.539,6.02,5.88,5.68,5.84,5.92,6.01,5.71,5.89,3.45,3.22,3.03,3.11,3.05,3.05,2.83,3.02,2.99,2.87,2.77,2.82,34.44,41.56,38,39,30.79,30.6,32.49,26.44,32.3,38.62,36.18,31.93,41.5,50,40.17,36,50.17,28.5,40.5,22.92,43,34,43.5,34.5,75.33333333,74.33333333,74,73,67.66666667,67,79.22222222,78.33333333,78.11111111,69.22222222,64.66666667,71.44444444
AM3.7,875,1178.82,1101.67,1062,832,594.98,933.34,611,757.92,842.32,913.75,892.5,43.03,39.99,38,34.44,37.31,35.76,32.81,33.69,36.67,33.39,31.75,31.15,5.9,5.82,5.61,5.684333333,5.39,5.26,5.11,5.21,5.28,5.28,5.15,5.18,3.32,3.2,3.07,3.04,3.03,2.94,2.85,2.92,2.98,2.84,2.8,2.78,54.67,58.22,61.44,56,45.81,40.04,47.69,36.07,40.04,50.52,43.26,45.71,27.17,28.17,29.33,29,26.5,16.83,28.67,21.17,29,26.83,28.83,22.5,79,76.66666667,76,75.66666667,68,71.33333333,83.33333333,84.88888889,84.66666667,74.33333333,72.22222222,72.44444444
AM3.8,1005,1245.32,1060,1048.33,849.34,743.48,844,742.17,970.42,1010.15,888.25,974.83,49.01,46.28,41.49,40.01,41.47,40.32,35.56,34.62,39.72,36.77,34.72,32.73,6.46,6.35,6.03,6.312,5.81,5.69,5.5,5.59,5.64,5.69,5.49,5.59,3.49,3.4,3.19,3.23,3.13,3.08,2.94,3,3.06,2.98,2.9,2.85,36.67,41.78,34.78,38.11,25.87,32.58,32.21,25.69,29.27,39.19,34.19,35.7,40.33,39.67,41,33.33,36.67,30,47.67,24.92,38,31.17,37.67,32.5,81,80.33333333,79.66666667,78.33333333,69,75.66666667,82.22222222,81.33333333,80.33333333,71.22222222,67.11111111,69.66666667
AM3.9,1248.33,1415.98,1265,1241.5,1070.66,750.15,1058.66,651.67,1175.83,1073.82,1076.67,1095.33,48.62,44.02,40.54,39.04,41.1,43.68,35.25,41.05,41.52,37.88,34.02,35.67,6.48,6.44,6.12,6.386666667,5.81,5.94,5.55,5.88,5.79,5.85,5.57,5.8,3.35,3.18,3,3.03,3.02,3.06,2.78,3.05,3,2.87,2.76,2.81,38.78,43.89,41.89,38,32.96,28.99,32.3,24.84,34.66,39.01,35.33,33.81,42,44,42,43.67,42.67,31.17,42.83,25.42,38.33,31.5,40.17,33,80.66666667,79.33333333,80,78.33333333,68.33333333,75,83.33333333,86,83.77777778,73.88888889,70.55555556,73.38888889
AM3.10,1125,1183.82,1055,980.67,980,657.15,916,615.17,1066.75,964.98,961.92,988.5,50.19,49.47,43.39,41.28,42.5,43.75,37.76,40.11,41.97,41.36,36.14,38.22,6.35,6.36,5.99,6.218333333,5.71,5.76,5.39,5.64,5.61,5.85,5.45,5.63,3.54,3.49,3.22,3.22,3.19,3.18,2.99,3.14,3.18,3.1,2.92,3,43.11,44,39.44,39.89,35.22,32.96,34.76,25.69,34.37,39.01,40.52,39.47,37,37,39,34.67,36.33,23.5,35.33,25.42,35,28.17,44,29.5,77.33333333,78.66666667,76.33333333,75,66.66666667,69.33333333,80.66666667,83.44444444,81.33333333,67.55555556,68.88888889,69.33333333
AM3.11,1156.67,1351.15,1293.33,1239.33,1105.34,839.48,1142.66,674.83,1075.25,1110.32,1072.42,1011.17,49.46,43.53,38.47,39.59,41.32,42.7,35.18,38.95,42.07,36.44,32.63,35.25,6.56,6.46,6.06,6.478,5.83,5.9,5.56,5.83,5.84,5.88,5.59,5.85,3.4,3.18,2.95,3.06,3.04,3.07,2.78,3,3.04,2.86,2.7,2.81,41.89,43.56,47,37.67,35.61,30.69,31.45,25.41,35.61,44.48,34.37,32.87,36.33,36,40.67,37.5,41.17,27,38.5,23.75,39.33,33.83,39.5,30.33,74,74.33333333,74,74,65.33333333,66.66666667,78.88888889,81.88888889,78.44444444,69.22222222,66,68.38888889
AM3.12,1260,1298.65,1180,1118,1038.66,772.82,1032,628,1051.17,944.15,1035.58,1106.67,52.48,47.49,40.57,40.05,45.25,43.12,36.81,38.71,44.16,40.65,34.85,35.88,7.08,6.85,6.36,6.740333333,6.38,6.29,5.78,6.07,6.27,6.32,5.84,6.06,3.5,3.33,3.06,3.1,3.18,3.06,2.87,2.98,3.13,3,2.79,2.86,45.56,43.78,41.67,40.11,33.81,30.41,38.73,30.88,32.39,36.64,39.38,35.7,34.67,46.67,35.67,39,37.17,22.83,36.33,22.25,39.83,37,38,25.83,68.66666667,67.66666667,68,65.33333333,58.66666667,66,74.22222222,77.77777778,74.77777778,62.55555556,58.22222222,63.33333333
AM3.13,1091.67,1248.48,1111.67,1213.5,870.66,806.48,976,783.67,997.33,1020.48,918,1136.67,42.02,40.56,34.12,34.67,36.19,35.07,33.37,33.01,34.74,32.97,28.97,30.72,5.78,5.71,5.43,5.623333333,5.23,5.1,5.01,5.12,5.1,5.16,4.99,5.04,3.35,3.29,2.96,3.06,3.03,2.96,2.87,2.93,2.96,2.89,2.69,2.79,47.89,47,51.11,42.33,38.25,36.36,38.53,30.23,37.21,44.2,38.25,40.32,33,38.83,40.67,42.17,38.17,25.33,38.33,26.5,35.5,34.17,36.83,33.67,81.66666667,82,80.66666667,77.66666667,68.66666667,72,85,86.55555556,84.77777778,72.88888889,69.55555556,69.88888889
AM3.14,940,1317.82,1068.33,1214.33,841.34,819.48,932,796.67,976.08,941.65,919.42,1218.33,48.23,42.26,37.58,37.75,41.14,41.31,34.55,37.94,40.11,33.82,31.73,32.81,6.54,6.45,6,6.347,5.88,5.88,5.49,5.69,5.8,5.88,5.57,5.67,3.49,3.28,3.04,3.12,3.15,3.16,2.88,3.12,3.12,2.84,2.78,2.82,42.56,45.89,40,38.56,32.3,34.37,30.6,30.6,35.51,41.46,34.85,35.42,35.5,40.33,41.33,41.83,36.17,27.17,33.83,26.75,36,29.67,44.33,35.33,81.33333333,81,81.33333333,77.33333333,66.66666667,68.33333333,83.55555556,82.33333333,82.66666667,62.55555556,68.66666667,69.55555556
AM3.15,1011.67,1138.15,1050,985,NA,644.65,961.34,604.33,1041.25,889.82,949.17,949.67,44.21,41.09,39.02,37.47,36.79,39.55,35.85,36.44,37.01,37.68,33.31,32.88,6.71,6.55,6.12,6.430333333,5.96,5.89,5.62,5.76,5.93,6.05,5.65,5.74,3.32,3.2,3.06,3.07,2.97,3.01,2.9,2.94,2.94,2.94,2.81,2.78,46.11,43.22,41.11,38.78,33.72,30.97,31.26,28.42,32.49,38.16,33.24,33.63,38,44.33,44.17,38.33,40.83,24,37.33,25.08,34,39,40.67,31.67,73.66666667,73.66666667,74.66666667,69.66666667,62.33333333,63,76.77777778,77.88888889,77.88888889,65,62.88888889,64.38888889
AM3.16,1100,1381.48,1191.67,1195.5,953.34,790.15,956,631.33,1027.08,1091.65,1015.75,1184.17,48.55,44.76,42.05,40.61,41.17,40.77,36.67,36.84,41.03,37.81,35.36,34.12,6.9,6.81,6.25,6.656666667,6.15,6.11,5.74,5.98,6.14,6.19,5.79,5.96,3.35,3.2,3.09,3.08,3.02,2.97,2.82,2.9,2.99,2.84,2.8,2.77,42.67,35.33,35.11,43.56,35.33,33.06,30.6,29.56,31.64,37.97,32.39,38.73,36.67,36.83,37.17,38,41.67,28.17,41.83,24.08,38,33.67,39.33,32,82.33333333,82,80,77,67.66666667,69,82,82.33333333,82.66666667,72.44444444,69.77777778,71.66666667
AM3.17,1123.33,1305.65,1075,1141.17,796,666.82,964,599.33,1085.17,1008.15,1014.33,989.33,50.77,46.73,43.26,42.14,44.82,40.64,38.87,38.96,43.23,38.97,37.64,36.46,6.32,6.24,5.81,6.176,5.68,5.55,5.29,5.47,5.53,5.69,5.38,5.45,3.64,3.47,3.3,3.34,3.32,3.17,3.09,3.14,3.24,3.09,3.06,3.01,46.22,45.56,46.44,44.11,33.72,35.22,39.67,30.41,36.64,40.61,38.62,37.49,29,35.17,37,31,33,20.33,38.83,23.75,30.67,28.17,31.67,28.33,76.33333333,77,76.33333333,75,66,67.66666667,82.33333333,82.11111111,81,68.88888889,66.33333333,67.88888889
AM3.18,1116.67,1231.32,973.33,999.33,880,694.48,861.34,595.17,1061.08,921.98,927.92,1010.5,43.25,40.26,37.13,34.48,36.87,36.38,32.21,33.01,42.9,34.46,32.36,31.34,6.36,6.36,5.97,6.336,5.75,5.67,5.42,5.58,6,5.84,5.54,5.76,3.28,3.12,2.96,2.95,2.95,2.92,2.75,2.84,3.07,2.83,2.76,2.73,41,39.11,38.22,37.89,31.08,32.78,30.88,28.81,32.02,40.23,31.17,31.82,41,39,40.83,33.33,38,26.33,45.33,25.83,40,32.83,31.5,35,82.33333333,82.66666667,74,78.66666667,67.33333333,68,83.22222222,82.77777778,82.44444444,71.77777778,64.55555556,68
AM3.19,1236.67,1334.98,1133.33,1248.67,997.34,812.15,1001.34,635.25,1136.17,1031.32,1083.75,1196.33,52.59,47.64,41.88,41.46,43.47,43.14,36.74,40.99,43.22,39.94,36.18,36.24,6.78,6.73,6.24,6.666,6.02,6.08,5.51,6.01,6.05,6.2,5.75,5.99,3.45,3.28,3.07,3.11,3.09,3.07,2.91,3.04,3.03,2.92,2.83,2.81,39.89,38.11,42.89,39,32.96,29.18,31.73,26.35,31.26,33.81,33.34,36.18,42.67,43,52.5,44.83,39.33,29.83,48,26.17,42,35.17,41.67,32.17,70,71.66666667,72.66666667,69.33333333,63,59,75.44444444,76.44444444,78.33333333,65.22222222,63.33333333,65.11111111
AM3.20,1123.33,1207.48,1180,1126.83,874.66,772.65,1024,665.5,976.08,900.15,1017.17,1143.5,45.9,45.4,40.12,38.34,39.09,43.28,38.02,38.18,37.51,38.1,35.47,33.74,6.3,6.35,5.9,6.152333333,5.66,5.74,5.5,5.45,5.56,5.71,5.46,5.47,3.38,3.32,3.05,3.11,3,3.17,2.92,3.01,2.92,2.96,2.84,2.8,51.78,49.78,44.33,43.44,33.63,36.55,33.52,31.82,37.31,45.05,36.74,38.06,35,31.5,44,39.5,39.17,25.67,31.83,25.58,40.33,31.17,37.5,32.17,81.33333333,81,80,79.66666667,72.66666667,70,87.33333333,86.33333333,85.88888889,75.77777778,72.77777778,76.55555556
AM3.21,1200,1271.15,1168.33,1142.5,1018.66,716.15,1037.34,769,1168.75,1102.82,1076.67,1098.33,50.5,43.08,39.86,38.28,43.85,39.54,37.85,34.68,41.9,34.77,35.88,32.68,6.45,6.38,5.92,6.315,5.8,5.69,5.5,5.47,5.71,5.73,5.52,5.65,3.44,3.2,3.04,3.07,3.12,3.01,2.92,2.88,3.07,2.85,2.86,2.74,41.11,46.67,37.22,39.11,35.33,34.66,37.21,28.33,29.47,40.99,34.76,37.31,39.5,40.67,40.67,43.33,37.67,32,40.17,25.08,37.83,36.5,36.5,32.83,101.3333333,102,100,96,83.33333333,88,103.5555556,104.3333333,100.4444444,87.44444444,77.55555556,82.55555556
AM3.22,1240,1221.48,1178.33,1075.5,1090.66,687.48,906.66,591.17,1035.58,1027.82,1022.83,987.67,44.95,45.82,44.31,39.76,38.56,39.78,39.3,37.5,37.51,37.59,36.81,34.77,6.52,6.52,6.1,6.367666667,5.86,5.9,5.65,5.75,5.82,5.93,5.67,5.7,3.26,3.25,3.15,3.08,2.93,2.97,2.92,2.91,2.91,2.87,2.89,2.78,42.44,38.89,36,37.78,31.54,28.81,27.48,25.5,35.98,34.85,27.96,30.03,43.67,43.33,42.5,40.33,49.83,33.83,42.83,25.33,44.67,35.33,42,29.83,78.66666667,80,79,78.33333333,69.66666667,68,82.11111111,82.88888889,82.33333333,69.22222222,65.22222222,68.77777778
AM3.23,913.33,1021.48,1011.67,962.33,746.66,536.82,821.34,663.17,867,820.98,910.92,932.67,49.45,45.65,41.91,37.2,43.04,39.27,38.48,35.82,41.7,38.09,35.85,33.24,6.84,6.76,6.31,6.492666667,6.15,6.02,5.82,5.8,6.1,6.1,5.87,5.77,3.43,3.22,3.08,3,3.14,2.99,2.94,2.92,3.07,2.86,2.85,2.73,45.33,46.78,40.78,44.11,34.85,39.86,38.16,35.7,36.27,44.57,38.82,37.77,26,30.5,27.33,36.67,27.33,18.67,29.83,27.83,28.67,25,27.33,32.33,92.66666667,88.33333333,87.33333333,85.66666667,78,81.66666667,85.66666667,88.44444444,86.55555556,81.66666667,78,81
AM3.24,1226.67,1258.32,1166.67,1008.67,990.66,706.65,937.34,584.5,1079.5,1184.15,1018.58,1071.67,42.78,39.21,38.55,35.4,36.51,35.1,34.28,33.12,36.14,33.11,33.44,30.92,6.49,6.33,5.97,6.277,5.79,5.77,5.53,5.61,5.75,5.78,5.6,5.6,3.29,3.08,3.02,2.98,2.96,2.86,2.81,2.8,2.94,2.77,2.82,2.7,38,38.11,37.33,36.11,28.71,31.54,29.09,24.56,32.58,36.83,27.86,31.08,52,50,47.17,45.83,50.5,37,37.5,25.67,47.67,52.67,48.67,39.83,78.66666667,78.66666667,77.66666667,75.66666667,69.66666667,67,82.11111111,84,82.88888889,68.55555556,67.66666667,67.66666667
AM3.25,858.33,1053.15,776.67,940.5,644,652.65,740,537,804.67,857.82,784.83,887.83,54.48,46.72,40.74,39.9,45.9,46.62,35.55,44.51,45.83,39.34,33.74,38.82,7.08,6.9,6.44,6.765,6.31,6.26,5.86,6.16,6.26,6.31,5.96,6.14,3.66,3.38,3.13,3.18,3.27,3.3,2.92,3.23,3.24,3.03,2.89,3.03,37.56,44.89,37.44,40.44,30.03,30.79,38.91,22.67,33.24,35.89,41.84,36.83,35.33,38.67,29.5,36.33,35.5,25.5,35,24.67,37,31,33.83,29.83,54.33333333,51,53,54.33333333,54.33333333,49.66666667,55.66666667,55.44444444,56.33333333,50.44444444,54.77777778,48.44444444
AM3.26,1133.33,1270.98,1270,1261,1129.34,611.82,1012,632.67,1151.75,1084.48,1066.75,1089.5,49.86,48.18,43.74,40.12,42.25,40.17,39.07,39.11,41.31,39.46,38.3,35.97,6.54,6.47,6.03,6.253666667,5.79,5.72,5.5,5.69,5.72,5.8,5.64,5.59,3.48,3.41,3.21,3.2,3.14,3.09,3.04,3.05,3.09,3.02,3,2.91,40.67,35.89,38.33,33.56,29.84,28.99,29.47,23.52,33.34,37.49,29.66,30.97,35.83,44.83,50.67,42,46.5,27.67,49.5,22.58,41.67,41.67,49.83,38.83,77.33333333,75.33333333,74.66666667,71.33333333,64.66666667,65.33333333,73.55555556,77.11111111,76.22222222,66.55555556,64.33333333,65.66666667
AM3.27,1150,1317.82,1276.67,1119.33,1012,654.32,1049.34,642.67,1085.17,1118.32,1099.33,1086.67,50.94,51.05,47.59,42.67,43.84,44.99,41.95,43.57,42.73,42.4,40.6,38.62,6.64,6.6,6.13,6.496666667,5.87,5.96,5.61,5.9,5.89,6.03,5.69,5.86,3.46,3.43,3.26,3.18,3.11,3.18,3.05,3.12,3.1,3.05,3.01,2.93,43.44,44.44,41.22,39.44,34.19,32.39,29.75,29.27,31.93,40.71,32.21,35.7,40.33,34,37.5,37,36.5,22.83,35.67,19.83,36.33,30.33,33.83,30.5,81.66666667,80,80.33333333,78.33333333,72.66666667,73.33333333,84.33333333,83.44444444,84.77777778,74.88888889,70.55555556,72.77777778
AM3.28,1341.67,1443.48,1146.67,1274,994,785.65,1048,672.5,1044.08,1189.98,1010.08,1164.17,43.73,45.09,42.51,38.79,38.72,41.11,37.8,40.29,36.65,37.59,35.01,35.79,6.6,6.69,6.26,6.496333333,5.91,5.96,5.8,5.97,5.84,6.04,5.81,5.9,3.27,3.25,3.07,3.09,2.99,3.08,2.88,3.06,2.92,2.93,2.81,2.87,45.44,51,44.56,40.78,41.08,35.42,32.78,32.02,36.64,43.35,37.59,39.38,31,36,40.17,33.5,36.67,27.33,40,22.17,35.17,33.83,33.5,29,75.66666667,76,75,73.33333333,70.33333333,71.66666667,80,76.88888889,77.55555556,72.44444444,67.66666667,69.66666667
AM3.29,1146.67,1105.15,1228.33,868,1052,546.65,1033.34,485.67,1079.5,789.32,1105,809.33,56.67,50.41,47.01,44.03,47.32,46.55,42.3,43.74,46.79,42.12,39.24,38.78,7.06,6.79,6.24,6.653666667,6.22,6.11,5.74,6.02,6.21,6.21,5.73,5.98,3.59,3.41,3.24,3.26,3.18,3.21,3.05,3.14,3.2,3.07,2.93,2.96,46.11,44.44,47.22,41,37.77,30.69,39.67,23.04,34.85,43.16,37.31,31.93,32.17,28.67,35,28.5,30.5,22.33,32.67,21.83,32.67,26.83,36,24.17,72.66666667,72.66666667,71.33333333,71,69,68,79.77777778,78.33333333,78.66666667,66.22222222,67.11111111,63.33333333
AM3.30,1341.67,1502.65,1298.33,1325.5,1222.66,792.15,1060,777.17,1141.83,1270.82,1151.75,1241.33,50.56,49.49,42.93,39.78,43.06,42.03,39.56,39.02,42.87,38.99,36.57,35.26,6.52,6.51,6.05,6.27,5.84,5.86,5.59,5.7,5.79,5.83,5.49,5.68,3.49,3.43,3.14,3.16,3.14,3.11,2.98,3.02,3.13,2.98,2.87,2.88,46.22,46.44,45.67,40.67,36.36,33.24,33.63,28.14,41.17,49.3,35.22,41.84,29.5,35.33,34.17,31.67,34.5,23.83,34.83,20.58,37.33,35.83,40.83,29.5,75.33333333,76,73.66666667,74,68.66666667,71.66666667,80.22222222,78.33333333,78.66666667,69.33333333,67.22222222,68.22222222
AM3.31,1128.33,1068.82,983.33,1020.83,804,554.32,914.66,569.33,896.75,981.82,990.25,1004,44.97,45.45,38.94,40.16,38.24,37.86,34.45,35.11,38.15,37.62,34.7,33.75,5.98,5.87,5.5,5.721333333,5.26,5.37,5.1,5.16,5.28,5.3,5.06,5.14,3.44,3.41,3.14,3.25,3.1,3.09,2.93,3,3.09,3.03,2.93,2.9,54.78,52.56,51,44.22,41.84,39.47,45.99,32.96,43.07,47.69,42.87,42.59,28,30.83,30.67,32.83,34,19.5,21.83,18.33,32.33,27,29,25.33,67.66666667,67.33333333,67.66666667,65,62.33333333,64,71.55555556,72.77777778,70.66666667,61.44444444,61.55555556,61
AM3.32,1025,1009.98,891.67,868.83,846,642.4,838.66,596.17,915.88,956.15,868.42,907,42.43,40.63,35.84,35.09,36.66,33.99,34.51,33.74,36.28,32.99,33.48,30.07,6.21,6.17,5.78,6.079666667,5.54,5.5,5.38,5.39,5.51,5.64,5.33,5.45,3.36,3.24,3.06,3.08,3.04,2.93,2.95,2.97,3.03,2.86,2.89,2.76,59.83,66,45.56,55.22,43.63,48.03,43.44,43.26,51.28,55.11,48.26,43.63,26.5,27.33,26,26.83,22,16.5,22.83,20.58,28.5,24,25.67,25.33,80.5,79.5,77.5,71,61.5,71.5,82.11111111,82.66666667,80.44444444,64.33333333,63.77777778,64.55555556
AM3.33,1316.67,1260.32,1151.67,1084.33,986.66,775.32,957.34,625.17,1082.33,1105.82,981.75,1032.75,43.01,41.45,38.67,35.34,36.18,36.44,36.38,33.12,36.74,33.63,33.98,30.18,6.1,6.06,5.74,5.971666667,5.44,5.43,5.29,5.31,5.43,5.48,5.23,5.26,3.31,3.22,3.06,3.04,2.96,2.99,2.94,2.89,2.96,2.85,2.83,2.71,42,43.78,37.22,41.56,32.67,36.83,30.79,29.94,35.98,40.61,32.78,35.42,46,40.67,45,43.67,48.33,31.33,38,23,38.83,32.33,46.33,34.5,96.33333333,98.66666667,96,85.33333333,79.66666667,81.33333333,97.44444444,98.44444444,96.44444444,76.66666667,73.88888889,76.55555556
AM3.34,960,960.48,961.67,793.67,833.34,466.32,797.34,398,731,883.82,807.5,804.17,44.91,44.73,42.73,38.66,37.92,39.06,36.84,38.08,37.67,37,36.19,33.22,6.9,6.84,6.42,6.702,6.23,6.2,5.87,5.99,6.11,6.25,5.9,5.97,3.25,3.22,3.1,3.02,2.93,2.96,2.88,2.95,2.9,2.84,2.82,2.73,39.56,41.11,33.44,38.33,26.63,28.99,29.27,22.1,30.12,36.18,28.24,30.41,47.17,44.17,42.17,35.33,51.17,25.83,48.33,21.25,44.67,39.33,46,34.33,80.33333333,77.66666667,79.66666667,77,69.66666667,70.66666667,82.55555556,80.22222222,81.66666667,68.11111111,67.22222222,64.33333333
AM3.35,1195,1256.82,1206.67,1003,924,571.82,1048,570.5,1040.97,1072.15,1058.25,1021,50.66,48.57,42.65,41.48,43.02,43.76,39.1,41.57,42.4,39.57,36.32,36.91,6.63,6.54,6.02,6.396333333,5.93,5.88,5.58,5.8,5.86,5.91,5.52,5.76,3.47,3.37,3.14,3.17,3.11,3.1,2.97,3.09,3.08,2.98,2.87,2.92,41.89,46,43.11,42.44,32.96,32.3,36.46,30.03,34.66,39.58,35.89,33.72,38.17,37.83,35.83,33.67,38.33,21.33,43,21.5,38.33,33.17,40.5,27.67,73.66666667,70.66666667,70.66666667,71.66666667,65.66666667,66.66666667,79.44444444,78.33333333,76.88888889,63.88888889,65.55555556,65.44444444
AM3.36,1023.33,1048.48,1136.67,936,792,542.32,882.66,525.25,927.92,979.98,903.83,896.67,46.04,41.66,40.75,36.75,40.01,35.01,34.93,32.57,39.39,34.62,33.88,31.99,6.68,6.51,6.11,6.391333333,6.02,5.78,5.59,5.67,5.94,5.9,5.56,5.73,3.3,3.16,3.07,3.01,2.98,2.83,2.83,2.78,2.95,2.79,2.76,2.73,31.56,36.11,35.78,34.89,27.2,29.66,31.93,20.4,30.97,34.37,34.09,29.94,43.83,47,50.33,42,47.83,33.33,48.67,20.17,46.33,48.67,43.67,36.33,86.66666667,87.66666667,85,83,73.33333333,77,94.33333333,94.66666667,96.55555556,73,71.11111111,72.88888889
AM3.37,1086.67,1110.15,933.33,891.33,890.66,600.98,808,524.17,929.33,945.98,808.92,924,41.67,39.21,31.12,29.78,36.15,35.76,27.71,33.53,35.92,31.81,25.15,27.45,6.43,6.27,5.81,6.077,5.72,5.54,5.32,5.5,5.68,5.72,5.28,5.53,3.14,3.04,2.71,2.73,2.85,2.88,2.53,2.82,2.84,2.69,2.41,2.54,45.67,44.89,38.67,39.56,37.12,32.02,36.07,26.72,36.92,44.29,36.83,34.09,32.33,38.17,44.17,32.33,44.33,22.33,34.67,20.67,35,29.17,37.17,30.5,72.66666667,72.66666667,50.66666667,71.33333333,64,68.33333333,78.11111111,77.66666667,76.33333333,63.88888889,64.33333333,64.55555556
AM3.38,961.67,1021.65,863.33,814.5,633.34,512.82,738.66,530.33,782,902.48,759.33,825.5,40.4,38.39,35.4,35.15,34.1,31.77,31.53,29.43,34.5,30.46,31.39,29.15,5.92,5.99,5.58,5.869333333,5.3,5.33,5.09,5.12,5.24,5.42,5.06,5.26,3.26,3.18,2.99,3.04,2.9,2.78,2.8,2.74,2.91,2.78,2.75,2.75,38.44,41.11,34.89,35.56,31.26,29.56,32.02,28.71,36.36,37.88,32.58,30.88,51.17,43.83,49.33,38.17,49.67,29.5,49.67,23.67,48.33,43.67,44.83,36.17,120.3333333,115.3333333,117,113.6666667,98.66666667,110,120.3333333,117.7777778,118.7777778,99.66666667,97.55555556,101
AM3.39,1021.67,1137.65,1051.67,992.33,773.34,587.48,848,581.83,875.5,955.15,926.5,982.33,40.9,39.78,38.05,33.2,33.89,38.02,33.04,35.13,34.91,33.05,33.01,30.49,6.14,6.06,5.62,5.880666667,5.47,5.47,5.19,5.35,5.42,5.46,5.12,5.25,3.19,3.13,3.02,2.92,2.82,2.97,2.8,2.93,2.87,2.77,2.77,2.67,43.11,41.89,39,38.78,31.26,28.81,32.02,26.63,36.36,36.46,34.94,32.67,45,39.33,47.67,43.33,46.33,27.83,37.17,22.42,37.67,37.5,43.33,37,88.33333333,86.66666667,84.66666667,86,78.33333333,80.33333333,93.22222222,92.11111111,92.66666667,76.33333333,78.33333333,75.33333333
AM3.40,1098.33,1229.48,1091.67,1088.9,909.34,657.15,929.34,594.67,963.33,1046.15,927.92,1087,50.59,47.44,41.28,40.89,42.68,42.27,36.74,40.04,42.35,38.7,35.47,35.69,6.67,6.61,5.95,6.492,5.97,5.97,5.51,5.84,5.92,6.05,5.47,5.77,3.53,3.39,3.18,3.23,3.14,3.08,2.95,3.09,3.12,2.99,2.89,2.9,42.67,44.22,36.11,38.89,27.29,30.79,38.82,24.37,34.76,38.53,31.64,32.21,35.5,38,36.33,38.5,40.5,24.33,37.5,27.5,42.67,39.67,37.17,38.5,73,72.66666667,72.33333333,68.66666667,62.66666667,64.66666667,78.55555556,78.66666667,76.66666667,63.11111111,61.44444444,65.33333333
AM3.41,1108.33,1238.15,1186.67,972.5,958.66,526.82,948,733.33,1027.08,1091.32,993.08,986.33,45.29,45.43,41.03,39.76,37.44,40.09,37.3,37.67,37.91,39.01,35.1,34.21,6.1,6.12,5.67,6.182,5.35,5.54,5.28,5.44,5.42,5.63,5.17,5.39,3.42,3.37,3.18,3.19,3,3.08,3.02,3.05,3.02,3.01,2.9,2.85,36.33,42.89,39.78,37.56,32.39,31.36,31.93,27.68,34.28,36.83,30.12,29.84,42.33,47,53.33,37.5,48.33,31.83,48.33,31.08,49.83,37,38,37.83,77.66666667,76,65,74.66666667,71.66666667,69,80.22222222,79.88888889,78.44444444,67.55555556,71.77777778,66.66666667
AM3.42,1141.67,1116.65,1236.67,1027,944,699.48,912,664.5,1028.5,922.48,942.08,930,49.24,46.36,43.27,36.92,42.39,40.74,40.28,35.67,42.68,38.86,35.58,31.58,7.04,6.93,6.47,6.443666667,6.32,6.23,6,6.05,6.22,6.31,5.82,6.01,3.34,3.23,3.06,2.98,3,2.96,2.92,2.83,3.03,2.9,2.74,2.62,40.22,44.78,43.11,37.56,34.85,27.39,32.49,20.59,36.18,37.77,33.15,32.39,40.67,38,47.33,38.67,39.67,28,41.33,26.33,37.33,32.17,38.33,32.83,71.66666667,74.33333333,73,67,61.33333333,61.33333333,80.55555556,78,79.22222222,60.33333333,63.44444444,60.88888889
AM3.43,1170,1303.32,1315,994.33,926,722.32,962.66,626.5,969,976.65,1003,1038.83,52.63,54.21,46.9,44.7,44.8,46.07,44.68,43.55,44.88,44.02,39.07,39.38,6.54,6.6,6.11,6.492,5.86,5.91,5.66,5.81,5.85,5.94,5.56,5.68,3.58,3.6,3.28,3.28,3.2,3.22,3.17,3.19,3.22,3.17,2.98,2.99,42.89,42.33,53.33,36.44,32.11,27.57,33.81,25.31,35.98,41.74,38.44,32.21,39.67,40.67,36.83,37.5,43.5,22.33,33.67,22.25,35.5,28.5,41.67,35,71.66666667,71.66666667,70.33333333,71.66666667,63.33333333,63.66666667,76.88888889,77.22222222,74.77777778,61.55555556,66,61.11111111
AM3.44,1123.33,1272.48,1218.33,1136.67,961.34,669.48,922.66,628.33,1052.58,1069.82,943.5,1082.5,45.78,44.2,38.11,39.86,39.91,38.26,35.31,35.78,38.99,35.24,33.46,30.91,6.46,6.42,5.97,6.400333333,5.84,5.7,5.46,5.65,5.74,5.75,5.45,5.61,3.37,3.28,3.04,3.15,3.06,3,2.92,3,3.02,2.87,2.79,2.68,45.22,42.44,41.22,40.89,38.62,32.58,32.39,32.21,35.7,43.16,34.28,31.64,37.67,39,36.33,35.5,41.17,24.33,40.17,22.58,38.67,38,36.67,28.83,76,75.33333333,75.33333333,72,63,66,77.88888889,76.33333333,79.22222222,62,61.66666667,65.66666667
AM3.45,938.33,1135.65,1183.33,973.5,856,610.98,900,580.83,779.17,954.65,910.92,995.5,43.68,40.03,36.93,33.81,38.35,35.16,33.18,32.48,37.58,33.65,31.46,27.91,6.69,6.58,6.18,6.456333333,5.98,5.89,5.64,5.78,5.98,5.99,5.61,5.75,3.23,3.07,2.91,2.9,2.91,2.81,2.74,2.77,2.89,2.74,2.64,2.48,39.33,41.67,42,37.67,31.45,30.88,37.49,28.53,33.72,35.04,31.17,33.81,41,44.67,43,37.67,43.5,24.33,40.67,26.5,44,37.67,40.5,36.17,87,85.33333333,85,81.66666667,71.66666667,76,90.88888889,88.22222222,89,72.11111111,72.88888889,73
AM3.46,963.33,1208.32,1185,1142,936,653.15,938.66,601.17,956.25,968.15,954.83,995.5,49.79,44.61,38.57,37.84,41.07,42,37.29,39.38,41.44,38.61,34.08,33.62,6.61,6.52,6.15,6.584,5.86,5.94,5.68,5.84,5.91,5.98,5.64,5.88,3.38,3.19,2.96,2.98,3,3.02,2.86,2.99,3,2.87,2.72,2.7,42.11,45.22,38.89,40.67,35.51,28.53,32.49,21.62,36.27,38.06,35.13,31.54,36.33,38.33,42.33,39.83,51.17,27.83,38.83,27,39.67,34.33,44.5,36.17,81.66666667,80.66666667,78.66666667,78.66666667,70.33333333,74,86.55555556,86.55555556,85,72.44444444,74.11111111,75.66666667
AM3.47,1055,1212.15,1101.67,1022.33,942.66,661.15,793.34,552.33,978.92,1013.98,923.67,1044.33,52.19,51.73,48.07,42.04,43.84,41.1,41.42,35.4,43.43,42.74,40.23,36.32,6.64,6.67,6.19,6.488333333,5.89,5.91,5.62,5.55,5.85,6.03,5.62,5.78,3.47,3.45,3.32,3.18,3.13,3.01,3.08,2.91,3.11,3.08,2.98,2.86,31.22,39.56,38.56,33.78,24.56,26.44,31.17,22.19,28.42,34.09,28.33,32.58,32.67,42.33,34.17,44,40.67,29,41.5,24.17,42.83,36.17,47.83,32,92,92.33333333,91.33333333,87.66666667,77.66666667,80.33333333,93.11111111,96.11111111,92.88888889,78.22222222,80.33333333,79.5
AM3.48,936.67,1188.32,1291.67,990.33,822.66,633.98,964,546.33,942.08,979.82,1005.83,1007.67,52.94,53.2,42.54,43.1,46.99,47.26,41.25,43.63,45.19,42.72,34.94,37.33,7.05,6.99,6.37,6.668666667,6.35,6.23,5.89,6.05,6.29,6.34,5.7,6.02,3.51,3.5,3.13,3.21,3.22,3.19,3.04,3.14,3.15,3.04,2.85,2.88,42.11,43.78,45.67,38.67,30.69,30.69,37.77,24.56,34.28,40.99,36.74,29.75,40.67,36,42.33,38.17,38.5,26.17,39,23.67,40,31.83,40.5,31.5,69.33333333,67,66.66666667,68.66666667,65.66666667,63.66666667,74.22222222,76.44444444,73.33333333,61,64.44444444,64.44444444
AM3.49,1401.67,1304.48,1278.33,1144,988,757.65,1024,630.83,1103.58,1020.65,1075.25,1135,45.9,43.47,40.03,37.59,39.69,41.6,36.96,37.58,38.35,35.13,33.75,32.06,6.45,6.29,5.89,6.373666667,5.77,5.68,5.4,5.56,5.71,5.74,5.31,5.51,3.41,3.32,3.15,3.08,3.09,3.14,3.01,3.07,3.03,2.88,2.86,2.78,44,45.56,42.11,38.89,39.1,30.79,31.64,26.54,35.33,39.67,33.52,30.88,45.67,42,43.5,43.5,44.33,25.83,45.33,23.5,45.83,35.67,54.33,33.33,74.33333333,74,73,71,62,62,80.11111111,78.33333333,76.44444444,63.77777778,66.22222222,63.77777778
AM3.50,836.67,1275.82,1231.67,1243.5,898.66,706.48,912,604,891.08,1088.65,994.5,1198.5,43.5,42.45,40.26,35.58,36.66,37.07,35.69,33.9,36.84,35.69,34.62,32.61,6.47,6.44,6.04,6.200333333,5.71,5.86,5.48,5.7,5.77,5.84,5.47,5.62,3.43,3.33,3.17,3.09,3.07,3.01,2.96,2.94,3.08,3,2.89,2.86,39.89,43.67,40.22,39.11,35.7,35.22,31.26,29.56,36.92,39.76,36.18,33.81,35.67,40.67,37.33,44.17,38,27.33,36.33,22.08,41.33,33.37,44.83,36.67,77.66666667,76.33333333,75.33333333,75.66666667,66.33333333,68.66666667,83.77777778,81.44444444,82.77777778,69.22222222,64.22222222,69.55555556
AM3.51,1152.5,1101.65,1273.33,881.5,990,570.9,974.66,541.5,1000.88,836.9,969,819.83,54.43,52.73,50.35,43.77,44.52,48.22,43.97,45.25,44.83,43.83,39.97,40.2,6.87,6.81,6.38,6.531333333,6.06,6.08,5.81,5.98,6.08,6.15,5.69,5.95,3.56,3.49,3.34,3.27,3.13,3.23,3.11,3.17,3.15,3.11,2.96,2.98,44.17,46.5,45.11,44.33,31.73,29.47,35.79,22.29,35.84,35.56,37.12,32.78,29.5,32,34,31.17,39.5,22.25,47,25,36.5,25.5,32.33,23.5,72.5,70,68.5,70.5,61.5,60,76.44444444,77.77777778,74.77777778,60.77777778,63.44444444,60.55555556
AM3.52,1131.67,1325.15,1285,1213,1054.66,713.82,1012,673.67,1028.5,1127.82,1117.75,1054.83,45.29,43.44,41.33,37.92,37.54,39.45,35.83,36.24,37.54,36.05,35.49,33.39,6.24,6.19,5.79,6.034333333,5.55,5.55,5.33,5.33,5.51,5.58,5.3,5.42,3.27,3.18,3.11,3.06,2.9,2.99,2.89,2.94,2.9,2.83,2.82,2.76,37.78,39.78,39.11,37.89,36.07,30.51,34,23.23,36.07,40.8,33.52,34.76,39.67,37,39.67,43.5,53.83,28,50.67,27.67,46.5,36.67,41,32,81.33333333,81,79.66666667,76.33333333,69,70.33333333,87.77777778,88.55555556,87.44444444,74.22222222,71.22222222,72.88888889
AM3.53,1186.67,1320.32,1185,1077.5,1061.34,738.98,969.34,652,1173,1105.98,1003,1029.67,49.37,46.75,43.61,39.39,41.94,41.56,38.06,36.24,40.97,38.94,36.62,34.43,6.18,6.07,5.81,6.011,5.48,5.45,5.27,5.24,5.44,5.5,5.24,5.33,3.45,3.36,3.22,3.16,3.08,3.08,3.01,2.98,3.08,2.99,2.9,2.86,36.67,39.22,36.11,39.89,31.26,29.38,31.08,25.98,31.17,34.94,31.17,32.11,41.33,45.33,43.17,39.83,47.33,30,50,26.08,34.67,42,43.33,30,78,79.33333333,78.66666667,76.33333333,66,69.33333333,83.33333333,84.66666667,83.22222222,68.55555556,67.66666667,68.55555556
AM3.54,843.33,954.82,1050,1004.33,821.34,559.48,808,558.83,896.75,834.98,840.08,963.5,49.61,46.98,42.34,41.01,42.99,41.68,37.46,37.17,41.8,40.06,35.08,34.69,6.81,6.69,6.3,6.557,6.03,6.09,5.78,5.81,6.05,6.11,5.74,5.8,3.45,3.31,3.09,3.15,3.12,3.07,2.92,2.99,3.09,2.94,2.78,2.81,39.67,39.67,39.56,37.78,34.85,31.45,33.43,24.17,35.51,37.68,38.73,32.87,30.33,31.17,39.67,39.83,34.33,22,35,25.17,29.83,31.67,38.17,32.83,83,84.33333333,82.33333333,82,69.33333333,75,84.33333333,85,83.44444444,72.66666667,72.33333333,75.33333333
AM3.55,1113.33,1297.32,1475,1268.17,1070.66,841.48,1193.34,795,1197.08,1172.32,1175.83,1142.17,46.31,40.74,42.57,36.96,36.52,42.9,37.31,39.81,37.33,37.63,35.69,34.67,6.55,6.53,6.22,6.381666667,5.8,5.94,5.71,5.83,5.82,6,5.69,5.74,3.26,3.05,3.06,2.95,2.82,3.06,2.85,3.02,2.86,2.85,2.77,2.75,36.33,36.78,38.11,36.67,28.24,27.11,32.02,24.37,31.08,34.66,30.88,30.32,46.83,52,48,46.5,65.33,33.67,52,26.5,48.17,32.67,56.67,37,91.33333333,93.33333333,91.33333333,91,81.33333333,81.33333333,95,97.77777778,94.22222222,78.88888889,80.33333333,80.66666667
AM3.56,1005,1175.15,1005,880,888,612.15,798.66,659.17,988.83,855.98,779.17,923.67,46.34,43.62,36.59,35.36,39.43,40.03,34.15,35.47,38.94,36.92,32.05,30.57,6.29,6.13,5.79,6.046,5.61,5.53,5.28,5.4,5.57,5.56,5.24,5.32,3.41,3.34,3.03,3.04,3.05,3.05,2.87,2.95,3.06,2.98,2.77,2.72,42.33,44.78,39.78,41.67,32.02,33.81,33.52,24.65,32.3,41.74,32.96,34.85,37.83,45,40.17,34.83,44.33,25.33,42.83,20.92,39.83,39.5,48.83,35.5,76,73.66666667,73.33333333,73,63.66666667,64.66666667,78.11111111,78.88888889,76.66666667,62.44444444,65.33333333,67.44444444
AM3.57,801.67,613.82,1183.33,962,820,283.48,986.66,585,777.75,309.65,920.83,1068.5,56.34,52.09,45.76,45.5,47.67,41.34,39.5,39.92,46.84,39.99,37.76,37.01,6.71,6.69,6.05,6.512666667,6.07,5.75,5.54,5.74,5.99,5.91,5.53,5.71,3.94,3.88,3.53,3.57,3.59,3.33,3.29,3.33,3.55,3.25,3.19,3.12,70.44,88.56,62.11,65.78,61.29,58.65,55.06,46.18,63.47,81.12,56.1,59.02,12.67,27.25,17.67,20.17,15.17,14,20.5,20.17,13.5,32,21.5,19,99.33333333,100,100.3333333,110,90,97.33333333,111.5555556,110.8888889,108.7777778,88,84.22222222,85.22222222
AM3.58,1203.33,1202.32,1113.33,1007,930.66,801.32,925.34,626.33,987.42,1028.48,830.17,1032.5,46.18,44.43,41.3,37.14,40.58,41.23,37.12,36.72,39.67,36.74,34.4,32.28,6.44,6.29,5.95,6.224333333,5.72,5.79,5.5,5.56,5.75,5.77,5.4,5.51,3.33,3.29,3.08,3.04,3.04,3.07,2.91,2.97,3.03,2.88,2.78,2.75,37.67,39.89,38.56,37.11,32.67,32.39,30.97,24.74,34.76,36.07,28.9,31.45,41,37.67,47,36.83,43.17,30,52.67,25.83,44,35.33,56.83,32.33,76.66666667,78.33333333,76.66666667,79,69.33333333,70.33333333,84.11111111,82.22222222,83.55555556,70.44444444,69.88888889,72.88888889
AM3.59,825,933.32,1026.67,934.5,722.66,513.32,762.66,521.67,728.17,791.32,726.75,1010,43.44,42.24,37.95,34.19,37.81,34.16,31.67,30.62,37.36,35.64,30.4,30.12,6.48,6.43,5.98,6.282,5.81,5.75,5.48,5.52,5.87,5.98,5.46,5.61,3.22,3.16,2.94,2.91,2.9,2.79,2.71,2.71,2.9,2.8,2.62,2.65,36.78,39.56,41.11,42.56,25.59,32.21,34.19,22.38,27.48,35.51,27.77,34.48,46.33,37,43.5,33.83,47.67,28,47,23,45.33,27.83,54.67,29.17,104,105,100.3333333,94.33333333,83.33333333,86,104.3333333,103.3333333,100.8888889,84.88888889,84.44444444,86.44444444
AM3.60,1155,1089.82,1005,962.5,840,869.98,816,574.67,1059.67,897.48,723.92,1010.67,48.51,41.15,41.23,38.48,45.54,40.29,36.26,38.51,42.51,31.03,36.67,34.54,6.61,6.6,6.05,6.665,6.01,6.1,5.6,5.92,5.96,5.98,5.58,6.09,3.36,3.13,3.11,3.09,3.14,2.99,2.88,3.01,3.08,2.68,2.88,2.81,40.11,42.67,37.89,38.67,38.53,34.19,33.72,24.17,34,39.76,28.99,30.51,32,38.5,38.67,37.67,34.17,25.17,39.33,19.67,35.67,32.5,34.5,31,110,111.6666667,110.3333333,100.6666667,96,93.66666667,106.6666667,111.6666667,103.2222222,88.11111111,85.66666667,90.55555556
AM3.61,1051.67,1065.15,1143.33,1100.83,925.34,673.48,929.34,514,838.67,852.32,923.67,993.5,51.31,49.01,47.53,39.63,44.6,41,41.79,35.96,44.16,39.54,41.03,34.31,6.43,6.42,6.02,5.984666667,5.76,5.64,5.55,5.28,5.72,5.77,5.55,5.35,3.51,3.44,3.31,3.19,3.17,3.09,3.09,3,3.18,3.01,3.04,2.9,36,38,41.22,37.56,24.28,30.6,29.09,27.29,29.75,35.42,30.03,33.15,37.67,37.67,33,34.83,42,26.17,32.67,20.25,42,31.5,38.67,29.17,94.66666667,96.66666667,96.33333333,92.66666667,82.33333333,82.33333333,94.66666667,97.11111111,93.22222222,81.77777778,79.22222222,81.94444444
AM3.62,1131.67,1175.48,1096.67,967.33,905.34,638.32,905.34,458,903.83,891.15,919.42,1002.67,44.25,39.95,40.35,33.03,38.46,37.64,34.63,33.97,38.02,34.37,33.68,30.41,6.02,5.88,5.57,5.785,5.34,5.41,5.11,5.14,5.34,5.41,5.08,5.21,3.36,3.18,3.11,2.92,3.03,3,2.88,2.89,3.04,2.83,2.82,2.73,44,43.56,42.78,38.22,31.36,30.51,36.74,25.98,31.45,37.03,37.31,37.12,38,41.17,44.67,41.83,47.17,24.67,35,23.75,45.67,33.17,40,35.33,85,86,83.33333333,84.66666667,75.33333333,77,92.88888889,87.66666667,90.77777778,72.88888889,73.11111111,78.05555556
AM3.63,1263.33,1358.98,1403.33,1303.33,1109.34,846.32,1132,692.5,1276.42,1063.32,1173,1323,55.18,51.91,47.7,43.34,45.86,44.42,43.15,41.34,46.13,42.49,41.05,37.92,6.6,6.61,6.07,6.416,5.8,5.92,5.63,5.76,5.89,6.03,5.56,5.7,3.57,3.45,3.28,3.21,3.19,3.18,3.11,3.15,3.19,3.03,3,2.97,33.78,35.44,30.56,34.11,25.59,26.83,27.01,22.95,27.2,35.22,30.69,28.9,45.17,43.17,46.67,47.67,51,32.5,59,24.33,48,42.33,50.83,35.67,97.66666667,96.66666667,95.66666667,93.33333333,85.33333333,83,99.22222222,100.6666667,99,83,79.55555556,83.22222222
AM3.64,1025,1065.65,1078.33,942.83,938.66,527.82,930.66,546.83,960.5,831.65,899.58,890.33,55.47,54.68,48.91,45.72,46.54,45.3,42.34,42.27,47.46,45.14,40.57,39.97,6.59,6.48,5.95,6.357,6.02,5.76,5.46,5.59,6.05,6.03,5.43,5.73,3.63,3.61,3.4,3.34,3.23,3.23,3.16,3.2,3.24,3.16,3.05,3.04,37.33,38,41.89,38.33,32.67,26.26,37.21,22.29,34.09,36.74,30.12,31.64,37.67,35.17,42,32.83,48.5,24,43.33,22.5,38.83,25.67,37.83,32.33,77,74.33333333,74,76.66666667,67.66666667,65.66666667,85.88888889,84.44444444,82.88888889,69.22222222,66.66666667,69.77777778
AM3.65,1340,1291.15,1168.33,1102.83,1113.34,762.32,1069.34,629.83,1207,973.32,1028.5,1015.17,43.78,41.56,37.47,33.81,37.38,36.65,34.22,33.38,36.28,32.43,33.17,31.33,6.02,6.03,5.63,5.997666667,5.34,5.42,5.23,5.3,5.37,5.46,5.17,5.43,3.46,3.34,3.11,3.04,3.1,3.08,2.94,2.99,3.07,2.88,2.89,2.86,45.67,48.44,37.33,48.89,37.97,33.91,34.66,34.94,38.82,46.38,39.67,38.34,35,36.83,42,36.83,41.67,24.17,43.33,22.92,38.67,37.5,39.67,29.33,85.66666667,85,83.66666667,80.66666667,73,77.33333333,87.22222222,90.66666667,87.22222222,73.55555556,74.55555556,73.44444444
AM3.66,946.67,1034.65,1048.33,872,684,586.98,797.34,480.5,793.33,789.15,920.83,884,44.84,41.5,36.77,29.69,38.63,35.93,32.24,32.9,37.82,31.86,33.69,29.27,6.25,6.17,5.65,5.93,5.55,5.42,5.21,5.25,5.5,5.61,5.12,5.37,3.36,3.21,3,2.78,3.04,2.95,2.81,2.85,3,2.73,2.84,2.69,37.89,41.67,41,42.22,35.04,24.74,36.36,23.23,27.39,36.74,33.43,37.88,41.17,39.33,44.17,40.17,44,25.17,44.17,22.17,45.33,37.17,35.83,40,66.33333333,66.33333333,65,65,61.66666667,63.33333333,73.11111111,73.66666667,75.33333333,61.88888889,62.11111111,60.66666667
AM3.67,1033.33,1056.32,786.67,690.83,698.66,604.65,726.66,459.17,774.92,791.65,763.58,794.5,44.73,43.22,40.69,35.11,37.85,37.76,35.29,33.39,38.05,32.34,36.24,31.07,6.49,6.49,5.93,6.339,5.77,5.75,5.45,5.57,5.79,5.85,5.47,5.73,3.3,3.24,3.11,3,2.95,3.02,2.88,2.94,2.94,2.77,2.87,2.75,35.56,42.67,34.56,36.89,29.18,31.17,28.33,24.93,31.36,35.04,28.71,35.61,40.67,37.33,42,29.67,50.33,27.17,48.67,21.42,46.83,35.17,43.17,26.67,115.3333333,112,112,108,90.66666667,97,108.1111111,107.8888889,112.1111111,85.88888889,86.33333333,84.11111111
AM3.68,1103.33,1084.65,1233.33,941,1062.66,629.32,1012,602.83,1018.58,803.82,1049.75,1181.5,54.51,46.18,41.16,39.45,45.82,45.77,39.21,42.81,44.18,34.93,37.04,35.88,6.84,6.84,6.25,6.632666667,6.11,6.13,5.83,5.99,6.05,6.11,5.78,5.94,3.47,3.23,3.02,3.02,3.09,3.18,2.91,3.14,3.05,2.78,2.8,2.81,38.56,37.78,37.67,40.11,28.71,25.69,29.75,22.47,32.39,35.22,28.05,32.02,43.67,41.17,50,34.17,44.33,25.5,49,24.42,45.67,31.5,40.33,32.83,101.3333333,103.3333333,101.3333333,87.33333333,87.33333333,91,102.1111111,100.4444444,99.88888889,86.66666667,85.44444444,85.33333333
AM3.69,1181.67,1163.32,1110,1002.67,956,681.15,890.66,572.33,1065.33,968.98,967.58,920.5,42.09,39.19,34.81,30.3,35.17,34.29,30.43,30.8,34.63,32.22,28.68,28.59,6.08,6.04,5.51,5.863666667,5.4,5.39,5.07,5.23,5.41,5.49,5.03,5.32,3.22,3.1,2.92,2.77,2.88,2.87,2.72,2.76,2.86,2.73,2.61,2.61,44.78,41,47.44,40.33,31.73,29.75,34.48,25.98,34.94,34.85,31.17,31.08,43,48,48,47.5,52.33,29.33,43.33,22.58,50,37.33,49.67,33.67,72.66666667,73.66666667,71.33333333,68.33333333,62.66666667,64.33333333,78.88888889,79.11111111,77.55555556,64.44444444,64,62.66666667
AM3.70,920,926.32,990,943.17,822.66,571.15,894.66,594,814.58,826.98,810.33,970.67,48.33,47.29,40.63,40.51,42.05,39.62,37.83,37.49,40.92,37.94,35.24,35.18,6.52,6.54,6,6.392,5.85,5.79,5.61,5.64,5.83,5.91,5.49,5.76,3.43,3.35,3.07,3.12,3.11,3.07,2.95,3,3.1,2.94,2.8,2.86,50.33,54.44,52.33,48.44,37.59,35.04,36.07,29.94,35.98,44.86,41.37,36.83,26.33,29.17,22.83,31,27.17,19.83,31.67,19.25,29.67,25.83,31.33,27.83,68.33333333,82.66666667,73,64.33333333,60.66666667,60.33333333,72.22222222,71.22222222,69.66666667,60.88888889,61.22222222,60.22222222
AM3.71,1253.33,1169.65,1086.67,921.83,1009.34,615.98,846.66,570.67,1180.08,999.15,1001.58,856.5,46.57,46.08,47.1,38.49,38.66,41.97,31.22,40.24,38.29,37.61,40.45,32.95,6.67,6.68,6.34,6.428666667,5.9,6.06,5.93,5.99,5.93,6.05,5.81,5.58,3.3,3.24,3.19,2.99,2.92,3.02,3.01,2.98,2.92,2.85,2.91,2.77,40.22,43.56,37.67,39.33,32.96,31.17,31.08,23.43,33.91,38.53,33.24,32.96,46.67,36.33,41.33,40.83,44.33,23.33,41.33,22.83,47.33,31.33,46.33,28.5,71.33333333,67.66666667,69.33333333,64,58.33333333,59,73.11111111,73,73.55555556,59.66666667,59.77777778,61.88888889
AM3.72,1300,1290.82,1261.67,975.17,997.34,746.15,1024,660.33,939.25,1155.15,1066.75,1089.17,40.59,40.72,38.79,37.71,33.63,38.73,36.57,35.06,34.37,34.36,33.07,32.26,6.6,6.61,6.19,6.418666667,5.92,6.04,5.74,5.82,5.93,6.05,5.65,5.78,3.07,3.03,2.89,2.94,2.69,2.88,2.79,2.77,2.72,2.71,2.63,2.64,41.78,39.33,37.56,40.56,34.28,29.66,33.43,25.78,32.39,40.23,32.78,29.84,50.33,40.17,47.83,42,50.5,32.67,63.33,22.75,47.67,48.33,48,33,80.66666667,80,78.66666667,70,71.33333333,74.33333333,83.55555556,82.11111111,81.88888889,69.55555556,71.88888889,72.77777778
AM3.73,1051.67,1077.98,1051.67,879.33,790.66,555.32,896,584.67,857.08,1000.32,942.08,935.83,37.92,42.56,40.98,36.48,33.6,38.29,33.71,35.01,32.34,34.83,32.17,31.45,6.03,6.11,5.72,5.967333333,5.41,5.49,5.17,5.32,5.38,5.52,5.11,5.32,3.15,3.27,3.16,3.07,2.88,3.03,2.88,2.95,2.84,2.89,2.77,2.77,49.56,44.22,39.78,39.11,36.74,33.72,31.73,30.32,35.7,42.87,33.63,29.94,40.83,34.67,36.33,35,36.17,22,45,20.33,36.33,36.17,41,27,63.33333333,65,63,60,55.66666667,56.66666667,69.77777778,69.11111111,70.22222222,53.55555556,57.55555556,58
AM3.74,1236.67,1215.48,1198.33,1084.83,1010.66,766.48,1070.66,741.17,1090.83,1033.48,1073.83,962,44.39,40.75,35.83,35.16,39.28,36.54,33.32,33.65,37.5,32.18,31.77,29.31,5.98,5.91,5.5,5.905,5.38,5.26,5.1,5.19,5.33,5.32,5.1,5.25,3.41,3.26,3.02,3.05,3.12,3.09,2.9,3,3.05,2.82,2.78,2.72,44.11,54.11,45.33,54.56,35.79,40.43,39.58,35.22,44.57,44.29,39.67,43.63,37.33,32.33,34,30.67,42.17,24.17,37.83,23.67,35.67,32.5,41.5,27.17,71,71.33333333,70.33333333,67,63.33333333,66,76.44444444,77,75.88888889,65.77777778,67.22222222,65.66666667
AM3.75,1076.67,1090.32,1161.67,982,824,693.98,934.66,686.67,987.42,1002.15,956.25,1002.17,44.73,44.23,38.78,37.86,37.49,39.58,33.16,38.78,37.13,34.6,32.72,32.73,6.68,6.68,6.09,6.478666667,5.94,5.98,5.56,5.87,5.89,6.02,5.53,5.82,3.23,3.21,2.98,3.02,2.91,2.99,2.74,2.98,2.87,2.79,2.7,2.75,43,45.11,46.89,39.44,34,32.02,30.41,28.71,36.07,39.01,32.78,35.33,40.5,36,42.83,32.67,44.83,25.83,41,26.83,41.67,36.33,43.5,33.33,75.66666667,73,73.66666667,71.66666667,65.66666667,66,80.44444444,76.66666667,78,64.77777778,68.88888889,66.33333333
AM3.76,1171.67,1194.98,1128.33,896,1000,788.32,968,578.5,1076.67,959.98,926.5,922.67,47.99,43.83,40.56,42.63,39.83,44.61,34.31,43.08,39.32,34.58,34.51,36.93,6.91,6.87,6.34,6.912333333,6.16,6.24,5.81,6.26,6.14,6.21,5.78,6.23,3.38,3.28,3.15,3.23,3.01,3.21,2.86,3.18,3,2.87,2.84,2.96,43.33,42.22,39.22,38.33,35.79,28.53,33.15,23.32,31.45,40.23,32.02,27.86,37.5,38.67,38.67,32.33,40.33,24.17,40.17,23.58,40.33,38.83,37.67,24.33,77,77.33333333,76,71.33333333,65.33333333,68,77.88888889,78.22222222,76.22222222,62.88888889,64.88888889,64.44444444
AM3.77,1018.33,1045.65,1025,881,758.66,613.82,778.66,516.67,797.58,795.48,852.83,858.33,41.13,39.25,33.23,31.41,37.23,35.9,28.89,32.3,35.97,32.82,28.85,27.88,6.29,6.25,5.82,6.181666667,5.73,5.66,5.33,5.5,5.62,5.71,5.33,5.53,3.17,3.08,2.83,2.81,2.96,2.95,2.64,2.78,2.92,2.79,2.59,2.57,49.89,52,52.56,50.89,34.19,30.97,38.25,29.38,45.81,42.87,37.12,41.84,34.17,35.5,34.67,29.33,37.5,24.5,40,21.42,28.33,33.83,35.5,32.5,74,75,74.33333333,69.66666667,64.66666667,68.33333333,76.66666667,78.33333333,75.55555556,63.33333333,66.66666667,64.22222222
AM3.78,1328.33,1160.82,1268.33,1133.83,1013.34,681.48,1010.66,636.5,1163.08,963.82,1086.58,1156,47.06,45.66,41.35,36.63,39.29,39.1,36.66,35.54,39.1,35.57,34.24,32.85,6.67,6.69,6.22,6.369,5.92,5.94,5.65,5.69,5.9,6.02,5.66,5.81,3.31,3.25,3.03,2.97,2.94,2.97,2.82,2.9,2.93,2.8,2.71,2.74,40.89,43.22,37.89,33.67,29.47,28.99,26.54,24.37,30.32,42.59,27.29,32.87,38.33,42.83,39.83,42.5,50.17,32.17,45.33,23.92,43.5,36,43.67,34.33,93,92.66666667,91,86.66666667,76,81.66666667,96.11111111,96.55555556,95.11111111,77.77777778,74,78.88888889
AM3.79,1190,1167.48,1321.67,1030.83,834.66,822.15,1046.66,681,983.17,912.48,1082.33,1060.33,49,46.34,41.43,39.22,42.1,42.67,38.32,39.92,41.29,36.78,36.11,34.91,6.9,6.85,6.33,6.634666667,6.14,6.26,5.87,6.02,6.08,6.19,5.79,6.01,3.34,3.22,3.03,3.03,3,3.06,2.87,2.99,2.99,2.85,2.79,2.79,42.33,43.11,35.56,43,31.93,32.96,29.66,25.31,35.7,43.07,31.08,30.97,40.67,39.67,49.33,35.83,42.33,26.17,43.67,22.58,40.67,31.17,43.33,36,89,92.33333333,89.66666667,84.66666667,77,82,94.11111111,95.11111111,94.66666667,76.66666667,76.77777778,79.33333333
AM3.80,1140,1093.48,1046.67,950.17,840,644.48,809.34,484.83,942.08,928.48,903.83,732.83,49.59,53.79,49.43,44.05,41.25,44.93,43.08,43.94,39.85,44.52,42.97,39.14,6.89,6.97,6.57,6.644666667,6.12,6.21,6.05,6.1,6.06,6.31,6.03,5.94,3.39,3.48,3.33,3.24,2.99,3.16,3.08,3.17,2.97,3.08,3.02,2.99,39.67,38.22,31.89,36.11,31.82,29.09,24.28,22.29,32.3,33.91,26.07,28.53,33.5,39.5,38,39,41.67,24.5,45.5,22,44.67,34.67,38,27.33,77.33333333,79,77.66666667,74,67,70,76.44444444,76.77777778,78.44444444,66.22222222,62.66666667,64.44444444
AM3.81,1131.67,1092.98,1301.67,1161,908,820.32,1036,640.33,983.17,933.48,1090.83,1122.33,54.49,49.49,48.01,43.39,46.14,44.34,40.99,40.08,45.69,39.92,40,37.76,6.89,6.76,6.35,6.542666667,6.17,6.13,5.77,5.84,6.15,6.05,5.74,5.91,3.52,3.32,3.24,3.15,3.15,3.15,2.99,3.01,3.14,2.96,2.91,2.88,33.22,37.56,33.22,35.11,27.57,28.99,30.41,19.07,27.11,37.03,30.41,29.38,42,39.17,51.33,47,42.33,32.67,47,20.17,38.17,39.67,42.33,29.83,94.33333333,92.33333333,93.33333333,86,77.66666667,82.33333333,99.55555556,101.2222222,99.88888889,85.55555556,78.44444444,82.44444444
AM3.82,1055,1057.65,1026.67,952.5,840,668.98,829.34,572.5,868.42,915.98,858.5,931.17,60.19,55.04,50.34,46.64,49.92,46.24,45.91,43.23,49.93,46.21,44.36,40.09,6.59,6.49,6.05,6.34,5.84,5.91,5.6,5.68,5.78,5.85,5.56,5.71,3.88,3.66,3.48,3.42,3.45,3.29,3.31,3.25,3.45,3.3,3.2,3.09,49.22,52.78,49,45.11,37.77,39.01,42.69,27.68,38.06,49.49,39.29,37.03,25.67,27.67,26.33,22.5,27.5,20,23.33,19.42,23,23.17,31,21.33,88,86.33333333,86.33333333,82.66666667,72.66666667,78.33333333,86.66666667,87.88888889,88.55555556,75.77777778,71.44444444,76.66666667
AM3.83,1255,1343.65,1298.33,1100.83,1066.66,916.82,928,731.17,981.75,1007.98,991.67,1085.67,47.03,45.7,43.48,37.14,38.81,43.09,37.27,39.6,38.44,38.59,34.74,33.98,6.21,6.16,5.87,6.005333333,5.53,5.65,5.37,5.38,5.47,5.55,5.27,5.38,3.51,3.45,3.3,3.16,3.12,3.28,3.07,3.21,3.11,3.07,2.92,2.93,43.89,49.22,48.11,40.67,36.55,38.91,31.93,25.22,33.34,43.72,33.63,35.89,39.33,37.17,39.5,40.67,39,26.67,39,21.17,39,36.67,37.33,29.17,84,79.33333333,82.66666667,81,72.66666667,74.66666667,83.11111111,82,85.33333333,74.22222222,71.44444444,72.77777778
AM3.84,843.33,883.15,1011.67,815.33,722.66,490.32,753.34,519.83,796.17,732.32,882.58,811.67,56.72,51.41,47.73,47.8,47.46,43.47,41.97,43.18,46.93,43.5,41.02,41.97,6.6,6.51,6.06,6.443666667,5.92,5.9,5.57,5.8,5.91,5.91,5.54,5.89,3.67,3.51,3.35,3.41,3.29,3.18,3.12,3.16,3.26,3.14,3.04,3.14,40.56,47,41.78,35.22,33.15,31.26,38.53,23.99,32.87,37.68,31.73,31.45,29.5,29.67,30.5,28.17,25.83,20.5,27.5,22.83,28,25.67,32.83,22.5,70.66666667,68.33333333,68.33333333,72.66666667,64.66666667,67.66666667,75.22222222,74.66666667,77.66666667,66.33333333,67.22222222,68
AM3.85,1245,1239.82,1308.33,1046.67,1036,707.15,970.66,672.83,1107.83,967.82,1100.75,1010,44.08,41.78,39.47,37.05,36.56,36.83,36.01,35.23,36,36.1,32.89,33.2,6.38,6.23,5.82,6.154666667,5.64,5.68,5.33,5.53,5.58,5.78,5.31,5.6,3.33,3.23,3.1,3.08,2.98,2.96,2.95,2.92,2.95,2.9,2.79,2.82,48.78,49,48.89,47.78,41.93,37.21,39.47,29.66,47.79,47.69,39.1,39.38,32.67,36.17,39.83,32.83,37.33,22.67,36,24.58,38.67,30,40,24.33,69,69.33333333,69.33333333,68,57,61.33333333,75.33333333,76.77777778,75.55555556,61,61.22222222,60.22222222
AM3.86,1323.33,1316.65,1271.67,1209.33,1012,800.15,978.66,688.33,937.83,1021.32,1024.25,1157,47.59,45.19,41.06,39.23,40.68,42.28,37.07,41.72,40.57,36.59,35.18,35.4,6.25,6.07,5.7,5.989333333,5.59,5.54,5.17,5.41,5.57,5.55,5.15,5.38,3.5,3.42,3.23,3.23,3.14,3.25,3.03,3.2,3.12,3.03,2.93,2.97,45.67,41.56,43,37.67,35.79,34.76,34,28.05,34.48,41.74,35.22,34.28,38.17,39,40.17,40.5,39.67,30.83,36.83,21.67,37.67,37.33,44.17,26.83,72.33333333,70.66666667,70.33333333,70.66666667,64.33333333,63.33333333,78.55555556,78.88888889,76.44444444,64.33333333,67.66666667,63.66666667
AM3.87,908.33,1167.65,1198.33,1026.5,860,646.98,909.34,540.33,1066.75,925.48,1005.83,952.83,46.4,42.38,41.75,38.02,36.37,37.91,37.56,36.76,38.06,35.76,35.46,34.78,6.76,6.59,6.18,6.399666667,5.96,6.03,5.66,5.74,5.95,6.04,5.59,5.83,3.35,3.22,3.12,3.07,2.91,3.01,2.95,2.93,3,2.85,2.82,2.83,42.89,46.67,43.44,43.78,34.57,36.36,30.79,21.73,35.56,41.74,29.94,33.43,35.33,41.17,41.33,37.83,40,27,34.5,21.75,32.25,32.17,43.5,23.33,73.33333333,70.5,74.5,70.66666667,63,64.33333333,79.66666667,78.66666667,79.66666667,66.66666667,63.22222222,66.11111111
AM3.88,1165,1261.82,1321.67,1051.33,1017.34,698.15,1050.66,635.33,1038.42,859.65,1102.17,929.17,50.94,47.53,41.77,40.54,44.22,42.09,36.54,39.35,44.07,38.54,35.51,35.51,7.01,6.86,6.35,6.718,6.29,6.24,5.76,5.99,6.26,6.27,5.72,6.02,3.5,3.4,3.14,3.18,3.19,3.13,2.92,3.05,3.16,2.98,2.83,2.9,41.44,48,41.33,42.33,33.15,34.28,35.22,27.11,42.98,35.98,33.72,37.59,37.5,41,42.83,32.33,35.83,27.33,36.17,24,39.67,31,37.83,24,72,72.66666667,71.66666667,72,68.66666667,64.66666667,79.44444444,80.66666667,78.44444444,66.66666667,67.11111111,64
AM3.89,1195,1194.65,1060,1032.17,1053.34,751.98,828,654.67,1011.5,959.15,905.25,963,47.73,48.98,45.29,42.35,39.57,41.26,37.89,40.77,40.16,40.76,37.88,37.47,5.92,5.93,5.58,5.656333333,5.23,5.32,5.1,5.2,5.25,5.33,5.07,5.17,3.56,3.56,3.38,3.39,3.17,3.24,3.11,3.21,3.2,3.18,3.07,3.07,41.89,41.78,38.78,38.78,30.23,30.51,29.66,25.41,30.32,39.01,33.06,29.47,40.67,41.67,34.33,34,46,31.33,45.67,22.67,42.67,32.5,39.67,30.33,76,75,73.33333333,73.33333333,70,66.66666667,80,79.66666667,79.88888889,68.66666667,70.44444444,68.66666667
AM3.90,1175,1227.65,1211.67,1050,833.34,664.65,960,639.17,961.92,887.65,1011.5,1020.67,51.43,50.58,41.31,43.13,45.4,44.98,38.25,43.3,43.88,39.98,34.33,37.39,6.89,6.86,6.24,6.662666667,6.17,6.09,5.74,5.97,6.14,6.17,5.64,6.03,3.41,3.37,3.05,3.14,3.1,3.11,2.9,3.09,3.08,2.93,2.74,2.86,39.11,44.44,44,44.89,35.61,28.62,33.91,25.69,31.36,40.23,36.64,38.34,34,37,36.67,36.5,39.33,23.5,37.83,24.17,35.33,30.83,40,29.17,71.66666667,70.66666667,69.66666667,71,64,62.33333333,79.33333333,77.55555556,75.33333333,64.66666667,64.33333333,66.11111111
AM3.91,1165,1234.65,1206.67,1092.17,976,914.15,972,708.33,963.33,1081.48,1001.58,1049.33,50.16,43.32,47.41,38.92,40.75,40.35,39.35,38.5,40.74,36.02,38.74,34.37,6.57,6.46,6.15,6.372333333,5.84,5.87,5.61,5.72,5.81,5.9,5.55,5.72,3.44,3.21,3.29,3.09,3.03,3.04,3.01,3.02,3.04,2.9,2.95,2.85,36.56,42.33,38,36.56,26.83,29.38,28.81,23.52,35.7,38.82,28.71,33.81,50.67,45.5,48.67,43.17,52.83,34,50,26.92,44.5,36.33,41.5,32.33,74.33333333,74.33333333,73.33333333,71.33333333,66.66666667,64.33333333,77.22222222,77.55555556,77,65.33333333,63.33333333,63.33333333
AM3.92,1200,1289.82,1205,1057,966.66,665.32,940,600.67,995.92,942.98,959.08,918.17,48.85,43.69,44.51,40.42,41.37,41.51,38.49,37.97,40.28,36.66,35.78,35.39,7.14,7.02,6.64,6.881333333,6.38,6.32,6.05,6.15,6.32,6.44,6.02,6.22,3.29,3.11,3.13,3.03,2.97,2.99,2.89,2.89,2.94,2.78,2.76,2.75,38,42.22,35.33,40.22,31.45,29.27,28.81,23.04,32.11,36.74,29.09,35.33,47.17,45,43.17,40,47.33,28.67,50.17,26,40,34,36.17,29.83,84.66666667,81.66666667,83,80.66666667,71,72.33333333,86.44444444,86,87.11111111,73,72,70.66666667
AM3.93,991.67,1032.65,1131.67,1026.83,930.66,660.15,858.66,587.5,913.75,880.48,820.25,858.5,38.27,34.5,32.92,31.15,32.54,31.08,28.67,28.14,32.12,27.86,27.2,25.76,5.56,5.46,5.12,5.325333333,4.97,4.91,4.7,4.72,4.94,4.94,4.69,4.78,3.25,3.07,2.99,2.95,2.92,2.86,2.75,2.78,2.9,2.73,2.68,2.63,44.89,53.22,41.11,46.56,32.96,34.94,31.36,27.77,32.11,46.94,34.48,32.21,45.67,48,54.33,50.17,43.33,34.5,57.33,23,42,39.67,48.67,29.83,81,80.66666667,80,75,65.66666667,66.33333333,83.33333333,84.22222222,80.88888889,67.44444444,63.66666667,64.88888889
AM3.94,1065,1153.15,1203.33,1099.5,918.66,781.32,936,626.17,994.5,886.82,993.08,957.5,51,46.22,44.86,42.66,43.76,43.38,39.88,39.37,42.01,40.65,36.79,35.84,6.78,6.65,6.23,6.603,6.03,6.02,5.74,5.83,5.99,6.13,5.67,5.94,3.44,3.25,3.16,3.16,3.11,3.09,2.96,2.97,3.05,2.99,2.83,2.82,41.56,37.78,39.11,39.22,33.72,28.99,30.23,26.44,36.83,35.04,28.14,35.42,41.33,39.33,47,33.67,46.5,30,47,21.67,39.33,37.17,43.33,31.5,77.33333333,75.66666667,76.66666667,75.33333333,69,65.66666667,81.44444444,81.33333333,82.55555556,70.22222222,66.33333333,69.11111111
AM3.95,1185,1393.48,1233.33,1214,1000,781.32,922.66,753.33,1066.75,1024.15,913.75,1054.67,50.41,46,41.77,42.55,43.54,41.51,37.04,40.22,42.27,38.15,36.02,34.94,6.82,6.84,6.3,6.727666667,6.17,6.04,5.77,5.99,6.04,6.16,5.76,6.01,3.44,3.28,3.1,3.19,3.1,3.13,2.91,3.08,3.04,2.93,2.84,2.84,43.22,41.22,40.56,40.11,33.91,31.45,37.21,24.08,33.34,40.8,33.24,35.22,43.17,42.17,40.17,44.5,38.5,28.33,44.5,24.25,36.17,37,40.5,26.67,74.66666667,75.66666667,74,74,70,68.66666667,80.22222222,80.88888889,81.22222222,71.55555556,70.55555556,69.33333333
AM3.96,1080,1161.32,1176.67,1077,914.66,662.82,957.34,605,964.75,818.82,976.08,893,40.87,35.15,32.67,31.15,34.86,31.15,28.55,29.55,34.43,29.44,28,26.6,6.43,6.34,5.92,6.199666667,5.8,5.66,5.38,5.48,5.74,5.74,5.41,5.52,3.17,2.91,2.81,2.77,2.84,2.72,2.6,2.67,2.81,2.62,2.55,2.52,45.89,45.56,39.78,40.78,33.06,28.53,35.22,27.39,35.98,42.98,35.79,33.34,39.67,49,48,38.17,44,32.33,47.33,25.92,46.17,37.67,46.5,34,77,78,78.33333333,75.33333333,67,69.33333333,83.33333333,84.33333333,83.11111111,72.66666667,66.66666667,68
AM3.97,1286.67,1337.98,1388.33,1326.5,1056,869.32,1112,773.67,1032.75,956.15,1109.25,1106.67,48.34,46.5,42.2,42.2,42.13,40.99,37.32,38.85,40.73,37.38,35.69,34.53,6.63,6.64,6.21,6.529666667,6.04,5.94,5.7,5.89,5.9,6,5.66,5.9,3.42,3.34,3.13,3.18,3.1,3.05,2.91,3,3.03,2.91,2.84,2.83,47.44,42.78,45.11,35.22,31.93,29.84,32.49,26.44,34,42.78,35.98,35.98,41.67,42,48.33,52.33,43.33,35.67,43,24.33,34.83,38.67,47,31,85.33333333,83.66666667,83.33333333,81.66666667,71.33333333,72.33333333,89.33333333,88.66666667,88,78.88888889,73.22222222,74.66666667
AM3.98,1206.67,1289.65,1201.67,1209.17,941.34,793.82,953.34,661.83,1046.92,905.65,939.25,978.67,44.62,43.84,39.8,38.69,37.02,39.63,36.64,38.03,36.4,38.01,33.62,32.92,6.28,6.24,5.89,6.102333333,5.59,5.64,5.38,5.51,5.54,5.73,5.34,5.52,3.37,3.34,3.13,3.16,2.99,3.09,2.97,3.06,2.96,3.01,2.85,2.85,46.78,43,39.11,41,35.22,30.97,31.36,27.11,36.92,39.1,39.29,38.53,34.67,39.83,41.67,43.17,44,25.83,52.67,22.92,41.67,31.67,35.67,26.5,75,73,74.66666667,71.33333333,66.33333333,67,79.55555556,77.77777778,80.88888889,70.33333333,66.55555556,67.33333333
AM3.99,1318.33,1408.32,1193.33,1262.33,1069.34,909.82,984,733.83,1059.67,973.32,995.92,1026.17,46.24,45.31,45.04,38.98,39.99,40.53,40.15,37.77,38.9,37.62,37.23,33.64,6.31,6.28,6.07,6.134666667,5.69,5.69,5.61,5.48,5.64,5.69,5.51,5.5,3.43,3.36,3.26,3.17,3.08,3.16,3.06,3.08,3.04,3.01,2.95,2.87,45.78,46.67,42.11,41.33,38.06,31.54,28.42,35.7,39.01,46.66,35.04,40.89,35.33,37.33,39.17,43.83,39.5,25.5,45.83,23.42,33.83,30.17,38.17,27.5,75.33333333,76,73.33333333,74.66666667,68.66666667,69.33333333,81.66666667,81.11111111,78.66666667,69.77777778,67.55555556,68.22222222
AM3.100,1103.33,1140.82,1285,1003.17,889.34,686.82,1028,624.67,1041.25,879.98,1014.33,921.33,40.94,39.44,35.96,32.67,35.6,35.11,32.25,32.44,34.84,32.25,28.92,28.08,5.94,5.88,5.58,5.777,5.3,5.33,5.11,5.14,5.28,5.33,5.03,5.12,3.31,3.23,3.02,2.97,3.02,2.99,2.83,2.88,2.98,2.84,2.69,2.69,49.89,49.11,43.89,46.11,40.43,32.87,37.68,29.66,38.53,45.81,41.08,33.15,39.5,36,41.67,41.33,39,30.5,41.17,22.25,38.33,31.67,40.83,29.17,74.33333333,75,72.33333333,72.66666667,66.33333333,65.66666667,79,77.77777778,80.88888889,69.22222222,66.88888889,66.11111111
AM3.101,1006.67,1134.32,1145,970.17,680,739.32,890.66,680,783.42,946.32,895.33,951.83,52.13,42.98,40.41,36.32,45.31,41.16,35.23,38.8,44.13,32.35,34.19,31.82,6.65,6.56,6.16,6.471333333,6.07,5.83,5.6,5.75,5.88,5.89,5.58,5.85,3.52,3.23,3.1,3.02,3.22,3.13,2.9,3.08,3.15,2.79,2.82,2.76,43.56,49.33,38.67,37.56,32.96,32.02,33.43,29.47,32.3,48.82,31.82,36.27,39.17,36.5,40,39.5,37,28.17,35.33,24.58,34.17,30.5,34.67,30.17,86.66666667,80.66666667,83.66666667,82,73.33333333,74.33333333,83.55555556,87.22222222,84.88888889,75.33333333,75.77777778,73.33333333
AM3.102,1166.67,1262.98,1205,1150.17,928,844.65,905.34,839.17,1075.25,928.15,983.17,1053.33,44.31,42.37,39.34,37.06,37.3,39.8,36.65,36.63,36.35,35.27,33.36,31.85,6.46,6.45,6.1,6.346666667,5.75,5.81,5.52,5.62,5.75,5.83,5.51,5.62,3.32,3.27,3.09,3.07,2.99,3.12,2.98,3.04,2.95,2.89,2.81,2.79,51.67,39.33,44.56,45.33,35.04,34,36.55,32.96,33.63,38.82,35.79,35.22,40.67,40.33,44,41.5,40.33,27.33,39.33,26.08,35.5,36.17,44,24.67,76.33333333,75.66666667,75.33333333,71.33333333,68.66666667,66.33333333,81,80.88888889,80.33333333,72.22222222,70.33333333,70.55555556
AM3.103,1240,1295.32,1315,1217.5,958.66,731.32,956,735.67,1032.75,997.32,1066.75,1049.67,48.8,46.32,44.17,41.02,39.53,40.21,39.05,39.18,39.35,38.25,36.98,35.21,6.52,6.44,6.04,6.280666667,5.77,5.77,5.55,5.66,5.7,5.84,5.49,5.68,3.48,3.37,3.24,3.21,3.06,3.08,3.01,3.07,3.06,2.99,2.94,2.89,42.33,47.44,47.11,44.56,36.83,32.96,30.69,30.97,40.43,44.57,34.19,39.29,34.17,35.83,40.5,31.83,40.67,24.33,40.67,23.25,36,31.5,37,24,78,75.33333333,75.33333333,74.66666667,68.33333333,71,81.88888889,79.77777778,81.66666667,70.33333333,68.88888889,70.22222222
AM3.104,1130,1332.65,1216.67,1202.33,1000,897.65,1054.66,783.67,1048.33,1080.82,1037,1023.5,43.84,39.96,35.89,34.01,36.56,38.48,32.33,35.66,36.66,33.55,30.26,31.1,6.14,6.09,5.58,5.923,5.53,5.53,5.07,5.36,5.48,5.52,5.05,5.34,3.3,3.19,3.01,2.99,2.98,3.08,2.84,3.01,2.98,2.84,2.73,2.76,46.78,44.56,48.56,43.33,36.36,36.55,39.1,28.62,38.53,45.33,31.82,35.33,41.83,46,40.17,43.33,46.67,31.83,50.17,20.17,39.17,39.17,42.67,28.17,77.33333333,72.33333333,73.33333333,71.66666667,70,67.33333333,77.66666667,77.22222222,78.77777778,69.11111111,70.11111111,69.22222222
AM3.105,1185,1190.32,1236.67,940.5,1054.66,723.98,900,493,1110.67,931.82,1005.83,708.67,53.44,53.62,48.32,47.15,44.5,45.51,42.61,44.77,44.3,43.74,41.66,39.67,6.78,6.85,6.3,6.575,6.06,6.08,5.81,6.06,6.01,6.11,5.79,5.92,3.59,3.59,3.34,3.41,3.2,3.3,3.11,3.21,3.19,3.19,3.05,3.05,41.89,45.44,40.78,37.56,35.7,30.88,34.37,27.29,35.13,37.12,36.74,34.19,33,31.17,32.5,32,36.33,23.67,32.17,20.5,39.67,26.83,37.67,21.5,76,73.66666667,73.66666667,69.33333333,67,61.66666667,76.77777778,76.77777778,78.33333333,63.22222222,61.66666667,65.44444444
AM3.106,1113.33,1156.32,1260,1221,857.34,660.48,996,620.83,1014.33,724.32,1061.08,951.33,45.13,41.92,40.7,36.01,38.94,34.5,34.66,32.87,38.08,33.94,34.07,30.27,6.66,6.56,6.14,6.409333333,5.94,5.82,5.64,5.67,5.9,5.89,5.6,5.67,3.32,3.18,3.08,2.97,3.01,2.87,2.82,2.81,2.96,2.78,2.78,2.66,55.11,49.56,42,45.22,35.79,34.85,36.55,29.84,35.89,45.14,37.77,39.38,36.17,35.33,39.67,39.33,41.17,28.17,44.67,23.5,41.5,32.67,45.5,24.67,80,77.66666667,77.33333333,71.66666667,63.66666667,65.66666667,78.88888889,76.66666667,77.33333333,69.11111111,63.44444444,66.27777778
AM3.107,1105,1261.65,1160,965.17,912,675.48,937.34,546.17,969,937.98,1029.92,892.17,55.21,52.81,50.4,46.4,47.56,43.48,41.71,42.59,46.25,44.19,41.59,40.53,7.03,7.02,6.54,6.800666667,6.31,6.27,5.89,6.15,6.28,6.36,5.94,6.18,3.68,3.57,3.45,3.42,3.35,3.21,3.15,3.18,3.29,3.17,3.1,3.11,36,38.56,38.22,30.89,31.73,23.23,33.34,20.4,28.9,32.3,31.54,28.24,38.67,43.83,48,42.83,34.17,30,37.5,22.92,39.67,34.5,45.33,26.5,89.66666667,89,89.33333333,86,71.33333333,78.33333333,93.44444444,94.88888889,93.66666667,79,72,72.27777778
AM3.108,1060,1172.98,1065,1006.33,920,717.48,880,657.83,971.83,828.98,922.25,795,46.58,46.31,40.16,38.2,40,40.13,33.77,39.13,38.54,39.32,34.07,34.95,6.43,6.39,6.01,6.255666667,5.78,5.66,5.47,5.64,5.69,5.77,5.5,5.62,3.46,3.44,3.12,3.15,3.13,3.17,2.86,3.12,3.06,3.09,2.86,2.92,44.56,44.89,42.56,38.33,34.19,33.72,31.54,24.17,35.7,43.44,33.91,38.06,38.83,32.5,39.83,42,40.17,26.33,43.33,23.42,38.33,26.33,39.33,21,71.33333333,70,71.33333333,70,63.66666667,59.66666667,78.22222222,75.88888889,77.11111111,65.88888889,63.77777778,62.38888889
AM3.109,1040,1342.48,1238.33,1218.83,878.66,768.32,928,690,1007.25,953.98,1044.08,1005.83,48.55,47.16,43.18,41.61,41.19,39.71,38.87,38.31,40.59,38.15,36.96,33.4,6.49,6.48,5.99,6.341,5.76,5.77,5.44,5.66,5.69,5.83,5.47,5.58,3.52,3.43,3.25,3.26,3.15,3.13,3.06,3.09,3.12,3,2.97,2.88,47.11,41.67,42,37.89,32.02,31.17,40.99,30.12,29.66,38.82,35.42,34,34.17,41.33,42.33,36.67,34.67,27.5,37.67,22.58,35,32.5,45,28,75.33333333,75.33333333,74,72.66666667,68,66.66666667,82.33333333,78.11111111,81.22222222,72.33333333,68.66666667,70.33333333
AM3.110,1238.33,1334.82,1418.33,1176.83,1108,756.48,1168,673.33,1099.33,873.32,1190,1012.67,51.01,49.2,42.3,45.19,42.96,44.81,38.52,44.09,42.82,40.68,37.23,39.95,6.78,6.73,6.08,6.597666667,6.07,5.99,5.58,5.96,6.06,6.09,5.61,5.92,3.47,3.42,3.19,3.31,3.1,3.26,3,3.24,3.08,3.03,2.93,3.03,41.11,43.11,44.67,41.67,38.16,32.49,34.28,25.87,39.1,42.13,35.33,33.72,35.5,33,36.17,37.67,40.17,21.67,39.83,21.75,36.5,30.33,33.33,25.17,75,74.33333333,72.66666667,69.66666667,68.33333333,66.66666667,78.22222222,79.22222222,77.55555556,70.11111111,68.22222222,68.77777778
AM3.111,1113.33,1236.32,1301.67,1043.83,997.34,702.98,1034.66,662.83,1032.75,916.65,1129.08,970,51.09,49.45,45.24,42.48,41.28,41.83,40.48,40.6,42.59,42.1,38.71,36.82,6.85,6.78,6.26,6.609,5.83,5.99,5.75,5.96,6.04,6.2,5.7,5.99,3.43,3.36,3.17,3.15,3.06,3.02,2.95,2.98,3.05,3.04,2.89,2.85,43.56,41.44,39.89,39,30.6,29.56,30.69,23.43,32.21,37.49,32.49,29.75,39.33,39.67,41.33,43.33,43.5,27.33,42.5,23.58,40,35.83,42.33,24.83,77.66666667,77.66666667,76.66666667,70,65,65.66666667,81.66666667,80.44444444,82.33333333,69.11111111,67.11111111,67.55555556
AM3.112,1291.67,1282.32,1220,1241.33,1018.66,807.32,965.34,758.83,1069.58,919.48,954.83,914.83,46.22,44.97,41.36,38.62,40.81,38.68,35.49,36.22,38.31,36.11,34.28,32.78,6.02,6.06,5.65,5.885,5.62,5.44,5.16,5.29,5.34,5.46,5.12,5.28,3.47,3.4,3.22,3.2,3.11,3.13,2.96,3.02,3.07,2.99,2.9,2.9,48.56,41.78,47.56,42.44,35.22,33.06,33.81,32.87,36.74,41.28,37.21,35.61,41.83,40.17,35.17,41.17,46,26.67,39.83,26,40.5,25.5,41,26.67,72.33333333,71.66666667,70.33333333,68.33333333,68.66666667,64.33333333,75.88888889,76.55555556,74.44444444,67.11111111,70.77777778,66.33333333
AM3.113,1010,1298.32,1230,1210,1038.66,835.15,1052,846.5,1066.75,954.32,958.38,1049,45.31,42.64,38.57,34.58,37.05,39.31,33.53,36.57,37.98,32.79,33.65,31.21,6.52,6.47,5.96,6.284666667,5.74,5.76,5.42,5.65,5.77,5.83,5.52,5.64,3.36,3.24,3.05,2.96,2.96,3.08,2.83,2.99,2.98,2.8,2.81,2.73,46.89,50.33,46.67,41.78,36.64,35.04,35.33,28.14,37.97,47.88,36.83,35.42,38.67,41,39.33,41.67,44.5,29.67,48.5,29.42,44.5,33,51.17,30,76,72.33333333,72.33333333,69.66666667,69,64.66666667,80,83.22222222,79.88888889,67.22222222,68.33333333,66
AM3.114,1198.33,1284.32,1275,1236,985.34,785.15,982.66,823.33,1037,893.82,1049.75,986.17,50.5,50.14,45.86,43.24,43.5,41.49,40.95,40.09,42.29,42.48,37.05,37.69,6.63,6.62,6.11,6.418666667,5.9,5.86,5.64,5.8,5.86,6.04,5.6,5.86,3.44,3.39,3.21,3.2,3.12,3.06,3,3.01,3.07,3.07,2.88,2.93,38.56,41.78,41.33,35.56,32.39,33.24,30.23,28.14,32.58,37.49,34.09,32.96,43.33,34.67,45,40.5,43.33,28.77,41.17,27.33,39.5,24.5,42.33,28.83,80.33333333,77,79.66666667,74,69,68.66666667,86.22222222,84.88888889,83.77777778,71.55555556,73.11111111,73.77777778
AM3.115,1208.33,1344.32,1358.33,1346.17,1085.34,778.65,1197.34,865,1095.08,975.82,1153.17,1218.17,43.65,41.86,37.73,35.84,37,37.1,33.18,35.86,36.82,33.02,32.29,32.92,5.87,5.92,5.37,5.762666667,5.24,5.28,4.98,5.23,5.26,5.29,4.97,5.43,3.42,3.34,3.19,3.12,3.1,3.1,2.96,3.05,3.09,2.9,2.9,2.84,49.89,50.78,49.56,46.78,41.65,34.85,36.07,35.22,43.54,52.61,39.86,44.68,36.83,37.67,45,43.17,40,27.67,38.67,21.75,36.5,29.5,40.67,25.67,84.33333333,82.66666667,82.33333333,79.66666667,73.33333333,72,85.88888889,86.11111111,84.55555556,72.88888889,73.44444444,71.22222222
AM3.116,1195,1239.98,1238.33,1118.33,1042.66,681.65,1038.66,591.67,1110.67,845.98,1049.75,746.33,51.15,50.97,45.65,43.61,44.08,43.89,41.26,42.91,42.77,41.15,38.85,35.84,6.57,6.61,6.08,6.424666667,5.84,5.88,5.6,5.78,5.78,5.99,5.58,5.7,3.56,3.51,3.29,3.28,3.22,3.23,3.11,3.2,3.16,3.07,3.02,2.92,40.89,42.67,40.33,36.78,33.43,32.02,34.48,26.07,35.89,43.16,35.22,31.82,34,33,39.33,34.5,35.83,22.5,33.83,20.67,34.67,29.67,36.5,22.83,73.66666667,74,72.66666667,72.66666667,67.33333333,65,80.33333333,80.44444444,75.66666667,67.55555556,66.44444444,62.55555556
AM3.117,1078.33,1177.15,1186.67,1118.67,962.66,659.32,1016,682.17,1090.83,890.48,1017.17,840.33,41.95,43.13,36.26,34.74,36.36,36.04,34.01,33.52,34.9,33.51,30.15,30,5.83,5.91,5.49,5.694666667,5.23,5.21,5.29,5.07,5.14,5.28,5.03,5.09,3.38,3.36,3.06,3.07,3.06,3.04,2.87,2.94,3,2.91,2.76,2.78,50.78,46.44,48,46.78,36.18,33.63,35.7,34.48,43.07,48.36,40.8,34.85,42.67,31,35,43.17,40.5,20.17,41.83,22.33,37.33,28.17,36,24.5,75.66666667,75,74.66666667,72.66666667,66,64,80.33333333,80,77.77777778,66.44444444,67.11111111,65.55555556
AM3.118,1090,1341.48,1213.33,1185.67,928,773.82,978.66,740.67,1035.58,914.15,1051.17,865.67,53.42,48.75,42.31,40.05,46.2,42.01,38.31,40.62,44.3,39.25,36.4,35.24,7.02,6.98,6.36,6.679333333,6.32,6.21,5.85,6.11,6.19,6.3,5.82,5.99,3.53,3.35,3.11,3.09,3.2,3.06,2.91,3.01,3.12,2.94,2.85,2.82,45.44,42.56,42.67,37.11,33.43,29.27,35.51,28.99,32.02,40.89,41.93,33.63,35,38.67,42.67,33.83,40.83,26.17,43.17,22.58,39.5,28.83,36,24.83,69.33333333,66.66666667,66.33333333,65.33333333,65,58,74.22222222,76.11111111,74,61.88888889,63.55555556,57.22222222
AM3.119,1251.67,1163.15,1166.67,1119.33,1045.34,783.98,1064,640.33,1208.42,997.98,1008.67,795.33,45.17,44.79,40.5,38.47,38.59,39.55,35.38,38.41,37.63,36.51,34.33,33.63,6.5,6.55,6.05,6.298,5.85,5.87,5.57,5.76,5.73,5.94,5.6,5.71,3.32,3.25,3.08,3.08,2.99,3.01,2.85,2.98,2.96,2.86,2.79,2.78,39.56,43.22,38.44,42.89,35.89,30.23,31.26,30.51,37.03,42.02,33.81,32.67,44.5,37.5,43.67,35,40.33,25.5,39.67,22.83,49.17,29.17,43.33,23.33,77.33333333,77.66666667,75.33333333,69,65,63,76.88888889,80.88888889,78.55555556,65.66666667,61.55555556,62.33333333
AM3.120,1010,1180.48,1186.67,1166.83,846.66,555.48,980,699.67,942.08,800.65,1011.5,888.17,50.1,48.84,43.43,41.7,41.89,42.13,38.16,40.39,40.92,40.5,37,36.18,6.51,6.49,6.03,6.177,5.8,5.78,5.54,5.67,5.67,5.86,5.53,5.57,3.48,3.44,3.19,3.23,3.1,3.15,2.95,3.09,3.09,3.06,2.9,2.93,41.78,38.22,35.89,34,37.31,31.54,32.11,27.29,31.73,36.55,31.64,30.97,38.5,38.67,44.17,38,41,25.5,43.17,23.17,39.33,34.33,43,26.33,61,63,61.33333333,59,54.66666667,52.33333333,68.22222222,68.88888889,67.11111111,57.22222222,56.88888889,53.44444444
